probe_id,probe_type,gold_choice_id,model_review_status,model_review_notes
travel_pd_v03_probe_0000_00,direct_use,C,revise,Rewritten to require recall of the user's prior work-hotel pattern while keeping all answer choices similarly framed and preserving the gold choice.
travel_pd_v03_probe_0000_01,boundary,A,revise,Boundary case now contrasts current vacation scope with the remembered work-trip pattern without relying on repeated wording from the stored rule.
travel_pd_v03_probe_0000_02,exception,A,revise,Exception wording was cleaned up so the current override is natural and the correct choice remains a temporary override rather than a permanent memory change.
travel_pd_v03_probe_0000_03,explicit_retrieval,D,revise,"Explicit retrieval probe now directly asks for the remembered preference, with distractors using comparable phrasing and plausibility."
travel_pd_v03_probe_0000_04,cross_habit_selection,C,revise,Cross-habit selection was revised to emphasize choosing the memory that matches the current task rather than relying on recency or broad hotel overlap.
travel_pd_v03_probe_0000_05,conflict_current_override,A,revise,Current-conflict override is clearer and keeps the correct answer focused on obeying the explicit present-trip priority without erasing the stored default.
travel_pd_v03_probe_0001_00,direct_use,D,accept,Rewritten to require use of retrieved history without exposing internal labels. Gold choice D is preserved; distractors remain plausible and use similar travel-planning wording.
travel_pd_v03_probe_0001_01,boundary,B,accept,Boundary case now clearly depends on current scope as well as retrieved history. Gold choice B remains correct and the alternatives are plausible misapplications.
travel_pd_v03_probe_0001_02,exception,A,accept,Exception wording is cleaned up and current-user override is explicit. Gold choice A is preserved; wrong choices represent plausible but incorrect memory handling.
travel_pd_v03_probe_0001_03,explicit_retrieval,B,accept,Explicit retrieval now focuses on the remembered user habit rather than lexical matching. Gold choice B remains correct with parallel distractors.
travel_pd_v03_probe_0001_04,cross_habit_selection,D,accept,Cross-habit selection now relies on matching the current scenario to the appropriate retrieved memory. Gold choice D is preserved; distractors are close but incorrect.
travel_pd_v03_probe_0001_05,conflict_current_override,A,accept,Current override is clearly stated without exposing hidden fields. Gold choice A remains correct; other choices are plausible memory-priority errors.
travel_pd_v03_probe_0002_00,direct_use,A,accept,Rewritten to avoid repeating the exact stored condition and action wording while still requiring the model to retrieve the user's recurring flight-planning preference. Distractors remain plausible and use comparable recommendation language.
travel_pd_v03_probe_0002_01,boundary,C,accept,Boundary case now emphasizes current-scope facts without exposing hidden labels. The correct option treats the prior preference as not controlling when overnight travel is necessary or preserves the schedule.
travel_pd_v03_probe_0002_02,exception,B,accept,Exception probe now uses natural current-request wording and tests whether an explicit present instruction overrides the remembered default only for this case.
travel_pd_v03_probe_0002_03,explicit_retrieval,A,accept,Explicit retrieval probe reduces lexical matching by paraphrasing the condition and preference. Distractors are similar in form and plausibility.
travel_pd_v03_probe_0002_04,cross_habit_selection,A,accept,Cross-habit selection now makes the relevant scope clear without relying on identical phrasing. Wrong options remain tempting by referencing another plausible retrieved memory or recency.
travel_pd_v03_probe_0002_05,conflict_current_override,D,accept,Current override probe is rewritten in plain language and clearly tests an explicit trip-specific exception. Distractors are plausible and maintain similar surface structure.
travel_pd_v03_probe_0003_00,direct_use,D,accept,Rewritten to require the retrieved recurring preference without repeating the exact hidden condition/action phrasing as strongly. Gold choice D remains the only option applying the international-connection buffer default; distractors are plausible and similarly worded.
travel_pd_v03_probe_0003_01,boundary,D,accept,Boundary case now emphasizes the current domestic low-risk scope while requiring memory of the prior international-connection preference. Gold choice D remains correct; wrong choices are plausible overgeneralizations or unnecessary clarification.
travel_pd_v03_probe_0003_02,exception,C,accept,"Exception case clearly pits current explicit instruction against the retrieved default. Gold choice C remains correct; distractors cover permanent overwrite, memory overuse, and noncommittal handling."
travel_pd_v03_probe_0003_03,explicit_retrieval,C,accept,Explicit retrieval probe now asks for the supported memory in natural wording. Gold choice C remains the only accurate recurring default; wording issue in original choice C was fixed.
travel_pd_v03_probe_0003_04,cross_habit_selection,B,accept,Cross-habit selection now reduces repeated condition text while preserving the need to select the memory matching the current task. Gold choice B remains correct; other choices are plausible retrieval-selection errors.
travel_pd_v03_probe_0003_05,conflict_current_override,B,accept,"Current-override exception is clearer and requires using both current scope and retrieved transfer preference. Gold choice B remains correct; distractors cover deletion, overgeneralized memory priority, and ignoring the exception."
travel_pd_v03_probe_0004_00,direct_use,B,accept,"Rewritten to require use of retrieved user history rather than matching repeated wording. The correct option preserves the intended default, while the distractors remain plausible and similarly phrased."
travel_pd_v03_probe_0004_01,boundary,A,accept,Boundary case now contrasts the current low-risk trip with the retrieved international-connection preference without relying on identical lexical repetition. The correct choice keeps the preference out of scope.
travel_pd_v03_probe_0004_02,exception,D,accept,"Exception case clearly requires current-scope override while preserving the prior recurring preference. Distractors cover permanent replacement, indecision, and memory-over-current errors."
travel_pd_v03_probe_0004_03,explicit_retrieval,B,accept,"Explicit retrieval probe is less keyword-heavy and asks for the supported recurring preference. The correct option remains semantically identical, with plausible alternatives using parallel wording."
travel_pd_v03_probe_0004_04,cross_habit_selection,B,accept,Cross-habit selection now requires choosing the memory that matches the current flight-planning issue. The correct option remains the optional-overnight-flight default rather than the unrelated connection-buffer memory.
travel_pd_v03_probe_0004_05,conflict_current_override,A,accept,Current override case is phrased around the active hotel-selection request and the retrieved work-trip hotel preference. The correct choice follows the explicit trip-specific priority without deleting the stored default.
travel_pd_v03_probe_0005_00,direct_use,A,accept,Rewritten to avoid repeating the original cue phrase while still requiring retrieval of the user's recurring loyalty preference; distractors remain plausible and parallel.
travel_pd_v03_probe_0005_01,boundary,C,accept,Boundary case now emphasizes current-scope evidence and tests whether the model limits the remembered default when its conditions are not met.
travel_pd_v03_probe_0005_02,exception,A,accept,Exception case now uses natural wording and distinguishes a one-time override from a permanent preference change.
travel_pd_v03_probe_0005_03,explicit_retrieval,B,accept,Explicit retrieval query avoids exact source phrasing while keeping the supported preference and distractors surface-similar.
travel_pd_v03_probe_0005_04,cross_habit_selection,A,accept,Cross-habit selection now requires matching the retrieved memory to the current task rather than relying on lexical overlap.
travel_pd_v03_probe_0006_00,direct_use,C,accept,Direct-use probe keeps the same answer key while reducing formulaic wording and making the retrieved hotel-work preference necessary.
travel_pd_v03_probe_0006_01,boundary,A,accept,Rewritten to make the boundary depend on current trip purpose rather than exact lexical overlap; gold choice remains A.
travel_pd_v03_probe_0006_02,exception,C,accept,Rewritten to test one-time exception handling with current instructions; gold choice remains C.
travel_pd_v03_probe_0006_03,explicit_retrieval,D,accept,Rewritten to require inferring the stored recurring default from history rather than matching the exact original phrasing; gold choice remains D.
travel_pd_v03_probe_0006_04,cross_habit_selection,D,accept,Rewritten to emphasize selecting the memory whose scope matches the current task; gold choice remains D.
travel_pd_v03_probe_0006_05,conflict_current_override,C,accept,Rewritten to make the conflict between stored default and explicit current exception clear without relying on repeated exact wording; gold choice remains C.
travel_pd_v03_probe_0007_00,direct_use,C,accept,Rewritten to require use of the retrieved flight-planning pattern and preserve the scoped default; gold choice remains C.
travel_pd_v03_probe_0007_01,boundary,A,accept,Rewritten boundary probe reduces direct phrase matching while preserving the correct out-of-scope treatment for optional red-eye avoidance.
travel_pd_v03_probe_0007_02,exception,C,accept,Rewritten exception probe emphasizes current explicit instruction versus persistent memory without relying on the original wording.
travel_pd_v03_probe_0007_03,explicit_retrieval,D,accept,Rewritten explicit-retrieval probe still requires recall of the user's scoped flight default and keeps distractors similarly worded.
travel_pd_v03_probe_0007_04,cross_habit_selection,A,accept,Rewritten cross-habit probe tests selecting the memory matching the current task rather than a lexically adjacent flight habit.
travel_pd_v03_probe_0007_05,conflict_current_override,D,accept,Rewritten current-override probe clearly separates a one-time exception from permanent memory deletion or memory override.
travel_pd_v03_probe_0008_00,direct_use,C,accept,Rewritten direct-use probe reduces repeated source wording while preserving the scoped default for risky international connections.
travel_pd_v03_probe_0008_01,boundary,B,accept,Rewritten to require using remembered scope plus current boundary; wrong choices remain plausible and similarly worded while the correct choice preserves the boundary behavior.
travel_pd_v03_probe_0008_02,exception,C,accept,Rewritten to emphasize current exception versus persistent memory without lexical giveaway; gold remains the current explicit override with memory preserved.
travel_pd_v03_probe_0008_03,explicit_retrieval,A,accept,Rewritten to test retrieval of the scoped recurring default; distractors use comparable framing and plausible alternative policies.
travel_pd_v03_probe_0008_04,cross_habit_selection,B,accept,Rewritten to require selecting the memory matching the current domain; distractors are plausible cross-memory errors with similar wording.
travel_pd_v03_probe_0008_05,conflict_current_override,A,accept,Rewritten to make the current override explicit and keep wrong answers as plausible memory-handling mistakes; gold remains the scoped exception behavior.
travel_pd_v03_probe_0009_00,direct_use,A,accept,Rewritten to require retrieved user history for a direct-use case; distractors keep parallel wording and plausible alternative defaults.
travel_pd_v03_probe_0009_01,boundary,C,revise,Rewritten to reduce repeated hidden-default phrasing while preserving the boundary test: a work-hotel proximity memory should not govern a leisure stay focused on neighborhood or sightseeing.
travel_pd_v03_probe_0009_02,exception,B,revise,Cleaned up the awkward query wording and made all options similarly framed around prior pattern versus current exception.
travel_pd_v03_probe_0009_03,explicit_retrieval,B,revise,Rewritten as an explicit retrieval probe with less formulaic wording and plausible distractors that remain close in surface structure.
travel_pd_v03_probe_0009_04,cross_habit_selection,A,revise,"Rephrased to require selecting the memory that matches the current scope, while keeping the incorrect hotel memory plausible but out of scope."
travel_pd_v03_probe_0009_05,conflict_current_override,D,revise,Rewritten to make the current override clear without using repetitive exception phrasing; the preserved answer distinguishes one-off override from permanent memory change.
travel_pd_v03_probe_0010_00,direct_use,D,revise,Rewritten to reduce repeated condition wording and make the direct-use memory application depend on the user’s recurring reliability preference.
travel_pd_v03_probe_0010_01,boundary,B,accept,"Rewritten to reduce direct phrase overlap while preserving the boundary judgment and gold choice B. Choices remain parallel and plausible, with current scope determining that the remembered reliability default is out of scope."
travel_pd_v03_probe_0010_02,exception,A,accept,Rewritten to make the exception depend on the current user instruction rather than lexical matching. Gold choice A remains the only answer that applies the exception without overwriting the memory.
travel_pd_v03_probe_0010_03,explicit_retrieval,C,accept,"Rewritten as an explicit retrieval probe with less repetitive wording. Gold choice C remains supported by the remembered default, and distractors are similarly framed."
travel_pd_v03_probe_0010_04,cross_habit_selection,A,accept,"Rewritten to require selecting the memory matching the current context. Gold choice A is preserved; distractors remain plausible alternatives about recency, competing memory, or blending."
travel_pd_v03_probe_0011_00,direct_use,B,accept,"Rewritten as a direct-use memory probe with reduced surface copying. Gold choice B remains the scoped family-travel default, and other choices are plausible but incorrect."
travel_pd_v03_probe_0011_01,boundary,B,accept,"Rewritten to test the boundary between family-trip flexibility and a solo fixed-date trip. Gold choice B remains correct, with parallel distractors that misuse, overapply, or over-query memory."
travel_pd_v03_probe_0011_02,exception,B,revise,"Reworded to reduce exact phrase overlap while preserving the exception logic: the current explicit instruction controls only this case, not future defaults."
travel_pd_v03_probe_0011_03,explicit_retrieval,C,revise,Removed duplicated wording and made the correct option depend on recalling the user's recurring family-trip preference rather than matching the original phrasing.
travel_pd_v03_probe_0011_04,cross_habit_selection,A,revise,Reframed the cross-habit selection so scope matching is required; the loyalty memory remains the correct controlling pattern.
travel_pd_v03_probe_0011_05,conflict_current_override,A,revise,"Clarified that the current explicit exception controls this case, while the recurring international-connection preference remains valid for normal future cases."
travel_pd_v03_probe_0012_00,direct_use,A,revise,Reduced repeated condition wording and made the answer rely on recalling the user's city-trip transportation default.
travel_pd_v03_probe_0012_01,boundary,C,revise,"Reworded the boundary case to emphasize that the current trip falls outside the stored city-center parking pattern, so the old default should not control."
travel_pd_v03_probe_0012_02,exception,C,accept,"The rewrite removes repetitive phrasing, keeps the current-trip exception central, and makes all options plausible without changing the correct resolution."
travel_pd_v03_probe_0012_03,explicit_retrieval,C,accept,"The probe now asks for the recalled recurring pattern without relying on exact hidden wording, and the distractors use comparable travel-planning language."
travel_pd_v03_probe_0012_04,cross_habit_selection,D,accept,The rewrite reduces keyword matching by describing the contexts more naturally while preserving the cross-habit selection decision.
travel_pd_v03_probe_0012_05,conflict_current_override,D,accept,"The current-scope override is clear, the distractors remain plausible, and the correct choice preserves the standing preference while honoring the exception."
travel_pd_v03_probe_0013_00,direct_use,D,accept,The probe requires applying the remembered scoped default and the answer choices are aligned in structure and specificity.
travel_pd_v03_probe_0013_01,boundary,B,accept,"The boundary condition is explicit, the wording avoids rote repetition, and the plausible distractors test over-application of memory."
travel_pd_v03_probe_0013_02,exception,B,accept,Rewritten to make the exception depend on both remembered history and the current request. The correct choice remains the scoped current override rather than permanent replacement or ignoring the exception.
travel_pd_v03_probe_0013_03,explicit_retrieval,B,accept,The query now asks for the retrieved pattern without copying the hidden condition verbatim. Distractors remain plausible and similarly framed.
travel_pd_v03_probe_0013_04,cross_habit_selection,D,accept,Rewritten to reduce exact phrase overlap and require selecting the memory whose scope matches the current task. The correct choice remains the city-transportation default.
travel_pd_v03_probe_0013_05,conflict_current_override,C,accept,The revised query is clearer and tests current-request override versus durable memory. The correct choice remains the temporary exception handling.
travel_pd_v03_probe_0014_00,direct_use,A,accept,The query requires the remembered urban-transportation default while avoiding verbatim repetition of the original condition. Distractors use similar travel-planning wording.
travel_pd_v03_probe_0014_01,boundary,B,accept,The boundary case is preserved while using less formulaic wording. The correct choice remains recognizing that the prior city-specific default is out of scope.
travel_pd_v03_probe_0014_02,exception,D,revise,Rewritten to make the exception explicit without relying on repeated phrasing. The gold remains D: current explicit trip-specific instruction overrides the remembered default only for this case.
travel_pd_v03_probe_0014_03,explicit_retrieval,D,revise,Rewritten to require retrieval of the user's recurring transportation preference while keeping all options plausible and similarly general. The gold remains D.
travel_pd_v03_probe_0014_04,cross_habit_selection,A,revise,Rewritten to reduce repeated condition wording and test selection of the memory whose scope matches the current task. The gold remains A.
travel_pd_v03_probe_0015_00,direct_use,A,revise,Rewritten to require applying the retrieved accessibility/fatigue-sensitive travel default without copying the condition text. The gold remains A.
travel_pd_v03_probe_0015_01,boundary,B,revise,Rewritten as a boundary case where current scope matters. The gold remains B because the remembered pattern does not apply to solo light exploration.
travel_pd_v03_probe_0015_02,exception,A,revise,Rewritten to make the temporary exception clear while preserving the correct choice id. The gold remains A.
travel_pd_v03_probe_0015_03,explicit_retrieval,A,revise,"Rewritten to remove repeated phrasing and obvious lexical cues while preserving the gold answer. The query now explicitly depends on retrieved user history, and distractors remain plausible with similar travel-planning wording."
travel_pd_v03_probe_0015_04,cross_habit_selection,B,revise,Rewritten to reduce keyword matching against the original condition text and to emphasize selecting the memory scoped to the current task. The correct choice remains the business-arrival cushion default.
travel_pd_v03_probe_0016_00,direct_use,B,revise,Rewritten so the answer requires applying remembered user history rather than copying condition wording. Distractors are similarly phrased as alternative decision rules.
travel_pd_v03_probe_0016_01,boundary,D,revise,Boundary case preserved: current scope overrides the family-travel memory. Wording was tightened and distractors made parallel without changing the correct choice.
travel_pd_v03_probe_0016_02,exception,D,revise,Exception case preserved: the explicit current instruction controls only this answer. Rewritten to remove awkward duplicated wording and improve clarity.
travel_pd_v03_probe_0016_03,explicit_retrieval,D,revise,"Rewritten to remove the duplicated 'prefer to prefer' phrasing and reduce lexical shortcuts. The query still requires retrieved history, and the gold choice remains unchanged."
travel_pd_v03_probe_0016_04,cross_habit_selection,B,accept,"Rewritten to require selecting between two retrieved memories by scope rather than matching repeated phrasing. The gold choice remains B because the current request matches the loyalty-booking default, not the family-trip flexibility default."
travel_pd_v03_probe_0016_05,conflict_current_override,C,accept,Rewritten to make the current exception explicit while avoiding verbatim hidden-default phrasing. The gold choice remains C because current trip-specific instructions override the default without deleting it.
travel_pd_v03_probe_0017_00,direct_use,D,accept,"Rewritten so the answer depends on retrieved user history about optional overnight flight planning, not just matching a repeated phrase. The gold choice remains D."
travel_pd_v03_probe_0017_01,boundary,A,accept,Rewritten as a boundary case where current scope matters. The gold choice remains A because the stored default was for optional overnight travel and should not control when overnight travel is necessary or strategically important.
travel_pd_v03_probe_0017_02,exception,B,accept,Rewritten to emphasize a current explicit exception without revealing hidden labels. The gold choice remains B because the present request overrides the default only for this case.
travel_pd_v03_probe_0017_03,explicit_retrieval,B,accept,"Rewritten as an explicit retrieval probe with parallel, plausible choices. The gold choice remains B because the supported recurring preference is to avoid red-eyes unless the upside is substantial."
travel_pd_v03_probe_0017_04,cross_habit_selection,D,accept,Rewritten to make the scoped-memory decision depend on matching the current travel context rather than on repeated wording; the correct choice remains D.
travel_pd_v03_probe_0017_05,conflict_current_override,A,accept,Clarifies that the current request contains a specific override while keeping all alternatives plausible; the correct choice remains A.
travel_pd_v03_probe_0018_00,direct_use,C,accept,Reduces direct repetition while preserving the need to use the retrieved scoped travel preference; the correct choice remains C.
travel_pd_v03_probe_0018_01,boundary,D,accept,Makes the boundary condition depend on current trip scope rather than lexical matching; the correct choice remains D.
travel_pd_v03_probe_0018_02,exception,C,accept,Frames the case as a current explicit override without overexposing template wording; the correct choice remains C.
travel_pd_v03_probe_0018_03,explicit_retrieval,A,accept,Fixes awkward phrasing and keeps the probe focused on explicit retrieval of the recurring preference; the correct choice remains A.
travel_pd_v03_probe_0019_00,direct_use,C,accept,Rewritten to require retrieval of the user's recurring work-hotel preference without simply matching repeated condition wording. Gold choice C remains the only option that applies the scoped default; distractors are plausible and similarly framed.
travel_pd_v03_probe_0019_01,boundary,A,accept,Boundary case now contrasts vacation goals with remembered work-trip proximity preference rather than repeating the stored boundary wording. Gold choice A remains correct because current scope excludes the prior default.
travel_pd_v03_probe_0019_02,exception,D,accept,Exception case is phrased as a concrete current instruction and avoids the awkward repeated wording. Gold choice D remains correct: current explicit preference overrides only this instance.
travel_pd_v03_probe_0019_03,explicit_retrieval,D,accept,Explicit retrieval probe now asks for the remembered pattern directly while reducing surface overlap among query and answer. Gold choice D is preserved.
travel_pd_v03_probe_0020_00,direct_use,A,accept,Direct-use probe requires recalling the user's work-focused hotel preference without over-repeating the condition. Gold choice A remains correct; distractors are plausible general strategies.
travel_pd_v03_probe_0020_01,boundary,D,accept,Boundary probe now clearly depends on current trip purpose and remembered preference rather than lexical repetition. Gold choice D remains correct.
travel_pd_v03_probe_0020_02,exception,C,revise,Rewritten to include the retrieved preference explicitly while making the current exception clear. The answer still tests temporary override rather than permanent memory replacement.
travel_pd_v03_probe_0020_03,explicit_retrieval,B,revise,Rewritten to remove awkward repeated wording and make the probe depend on recalling the user's hotel-planning pattern. Distractors remain plausible and similarly framed.
travel_pd_v03_probe_0020_04,cross_habit_selection,D,revise,Rewritten to reduce surface cueing from the original condition text while preserving the cross-habit selection target. The correct choice remains the memory matching the current flight-planning scope.
travel_pd_v03_probe_0020_05,conflict_current_override,C,revise,"Rewritten to make the stored pattern and current exception both explicit. The item still tests that a current, scoped exception overrides the usual default without deleting it."
travel_pd_v03_probe_0021_00,direct_use,D,revise,Rewritten for clearer natural language and less formulaic repetition. The query still requires applying the remembered scoped default.
travel_pd_v03_probe_0021_01,boundary,B,revise,Rewritten to state both the remembered pattern and the current boundary condition. The correct response remains not applying the business-trip default outside its scope.
travel_pd_v03_probe_0021_02,exception,B,accept,Rewritten to require recognizing the scoped exception rather than matching exact wording; the preserved correct choice is B.
travel_pd_v03_probe_0021_03,explicit_retrieval,B,accept,Rewritten to reduce verbatim overlap with the stored rule while still testing explicit retrieval of the same user preference; the preserved correct choice is B.
travel_pd_v03_probe_0021_04,cross_habit_selection,D,accept,"Rewritten to make the task match, rather than lexical repetition, determine the controlling memory; the preserved correct choice is D."
travel_pd_v03_probe_0021_05,conflict_current_override,D,accept,Rewritten to foreground the current override and persistence of the prior default without relying on exact hidden-rule wording; the preserved correct choice is D.
travel_pd_v03_probe_0022_00,direct_use,B,accept,Rewritten as a direct-use memory probe with balanced distractors and less exact repetition; the preserved correct choice is B.
travel_pd_v03_probe_0022_01,boundary,A,accept,Rewritten to test the boundary condition using current-scope reasoning rather than surface matching; the preserved correct choice is A.
travel_pd_v03_probe_0022_02,exception,A,accept,Rewritten to make the current-scope exception explicit without relying on repeated exact wording from the stored preference. The correct choice remains A: follow the current exception for this answer but do not overwrite the standing default.
travel_pd_v03_probe_0022_03,explicit_retrieval,B,accept,The query now requires recall of the user's recurring preference rather than matching the exact hidden wording. Distractors are similarly phrased and plausible. The correct choice remains B.
travel_pd_v03_probe_0022_04,cross_habit_selection,C,accept,"The rewrite emphasizes selecting the memory whose scope matches the current task, reducing answerability by keyword overlap alone. The correct choice remains C."
travel_pd_v03_probe_0022_05,conflict_current_override,B,accept,"The current override is stated in natural terms without duplicating all hidden phrasing. Distractors test memory precedence, over-application, and permanent deletion. The correct choice remains B."
travel_pd_v03_probe_0023_00,direct_use,B,accept,"The probe now asks for applying the remembered default in a paraphrased current context. The correct choice remains B, and the wrong choices are plausible generic planning policies."
travel_pd_v03_probe_0023_01,boundary,A,accept,The boundary condition is clear and requires comparing current scope against the remembered pattern. The correct choice remains A.
travel_pd_v03_probe_0023_02,exception,C,accept,Rewritten to avoid repeating the exact hidden condition wording while preserving the exception logic. Gold remains C because the current explicit exception should override only for this case.
travel_pd_v03_probe_0023_03,explicit_retrieval,D,accept,The query now requires recalling the user's travel pattern without copying the full condition phrase. Distractors are plausible and similarly general; D preserves the correct default.
travel_pd_v03_probe_0023_04,cross_habit_selection,A,accept,Revised to test cross-habit selection by domain match rather than lexical overlap. Gold remains A because the current task is flight planning with optional overnight timing.
travel_pd_v03_probe_0023_05,conflict_current_override,D,accept,The exception is stated in a natural current-request framing. Gold remains D because current explicit constraints override the stored default only for this instance.
travel_pd_v03_probe_0024_00,direct_use,B,accept,"Direct-use probe now uses a more natural scenario and avoids formulaic repetition. Gold remains B, matching the work-hotel venue-proximity default."
travel_pd_v03_probe_0024_01,boundary,D,accept,Boundary case is clear and current-scope dependent. Gold remains D because the saved venue-proximity habit should not control a leisure stay focused on neighborhood and sightseeing.
travel_pd_v03_probe_0024_02,exception,A,accept,Rewritten to make the current exception concrete without repeating the exact stored phrasing. The gold choice remains A: the assistant should follow the current trip-specific exception while preserving the recurring default for normal future work-trip hotel cases. Distractors are plausible and similarly worded.
travel_pd_v03_probe_0024_03,explicit_retrieval,D,accept,"Rewritten to require retrieval of the recurring user tendency rather than matching repeated lexical strings. The gold choice remains D, expressed with equivalent wording. Wrong choices remain plausible generic planning defaults."
travel_pd_v03_probe_0024_04,cross_habit_selection,B,accept,"Rewritten to reduce phrase copying while preserving the cross-habit selection test. The gold choice remains B because the current task concerns changeable plans, so the flexibility preference controls. Other choices are plausible errors involving blending, selecting the wrong habit, or recency bias."
travel_pd_v03_probe_0024_05,conflict_current_override,C,accept,Rewritten as a current override/exception case with less lexical overlap. The gold choice remains C: the current request overrides the normal relaxed pacing default only for this instance. Distractors reflect common memory-use mistakes.
travel_pd_v03_probe_0025_00,direct_use,A,accept,Rewritten to avoid repeated condition/default wording while still requiring use of the remembered flight-connection preference. The gold choice remains A. Distractors are plausible but do not match the scoped preference.
travel_pd_v03_probe_0025_01,boundary,A,accept,Rewritten as a boundary case where current scope matters. The gold choice remains A because the remembered buffer preference is scoped to complex or international connection risk and should not control a simple domestic nonstop/low-risk trip.
travel_pd_v03_probe_0025_02,exception,D,accept,"Gold D is preserved. The rewrite reduces direct label matching by describing the remembered pattern and the current exception in natural terms. Distractors are plausible and similarly worded, while the correct answer depends on recognizing that an explicit current exception overrides the recurring default only for this case."
travel_pd_v03_probe_0025_03,explicit_retrieval,C,accept,Gold C is preserved. The query now asks for a recalled recurring preference without copying the exact default wording as heavily. Wrong answers remain plausible travel-planning policies with similar style and scope.
travel_pd_v03_probe_0025_04,cross_habit_selection,A,accept,"Gold A is preserved. The rewrite makes the cross-habit selection depend on matching the current scope rather than lexical overlap. Distractors are close alternatives: using the other memory, recency, or blending both."
travel_pd_v03_probe_0025_05,conflict_current_override,B,accept,"Gold B is preserved. The current exception is clear without overusing the original phrasing. Alternatives remain plausible and parallel: memory over current wording, default anyway, or permanent deletion."
travel_pd_v03_probe_0026_00,direct_use,D,accept,Gold D is preserved. The probe now requires recalling the user's short-trip packing/itinerary tendency rather than matching a repeated phrase. Wrong choices are similarly general planning defaults.
travel_pd_v03_probe_0026_01,boundary,D,accept,"Gold D is preserved. The query focuses on the boundary condition and current scope. Distractors remain plausible but incorrect: over-clarifying, overapplying the remembered pattern, or using an unrelated strong memory."
travel_pd_v03_probe_0026_02,exception,B,revise,Rewritten to remove repetitive phrasing and make the current exception versus stored default distinction clear without relying on exact repeated wording.
travel_pd_v03_probe_0026_03,explicit_retrieval,B,revise,Rewritten to require retrieval of the recurring brief-trip preference while keeping distractors similar in structure and plausibility.
travel_pd_v03_probe_0026_04,cross_habit_selection,C,revise,"Rewritten to reduce lexical overlap while preserving the cross-habit selection requirement: the relevant hotel-work memory should control, not the luggage memory."
travel_pd_v03_probe_0026_05,conflict_current_override,B,revise,Rewritten to make the current override explicit and to keep all answer choices about how to reconcile current instructions with remembered defaults.
travel_pd_v03_probe_0027_00,direct_use,A,revise,Rewritten to require use of the stored hotel-work preference and to make distractors plausible general decision policies.
travel_pd_v03_probe_0027_01,boundary,B,revise,Rewritten to clarify the boundary case: the stored work-hotel habit should not automatically govern a social or nightlife-focused stay.
travel_pd_v03_probe_0027_02,exception,D,accept,"Rewritten to make the exception logic depend on current scope plus remembered hotel pattern, with similarly framed alternatives and no change to the correct choice."
travel_pd_v03_probe_0027_03,explicit_retrieval,B,accept,Rewritten to reduce phrase overlap with the stored rule while still requiring retrieval of the user's hotel preference. Distractors remain plausible and parallel.
travel_pd_v03_probe_0027_04,cross_habit_selection,C,accept,"Rewritten to test selecting the memory whose scope matches the current task, with the unrelated hotel preference retained as a plausible distractor."
travel_pd_v03_probe_0027_05,conflict_current_override,A,accept,Rewritten to emphasize the conflict between a scoped memory and an explicit current override. The correct choice preserves memory without applying it to the exception case.
travel_pd_v03_probe_0028_00,direct_use,C,accept,Rewritten to require retrieval of the user's transfer-planning default and to make all alternatives comparable in wording and scope.
travel_pd_v03_probe_0028_01,boundary,D,accept,Rewritten as a boundary case where the current scope limits use of the stored arrival-transfer preference. Distractors are plausible but do not fit the boundary.
travel_pd_v03_probe_0028_02,exception,A,accept,Rewritten to reduce phrase overlap while preserving the exception logic and the same correct choice id. Distractors remain plausible and similarly worded.
travel_pd_v03_probe_0028_03,explicit_retrieval,B,accept,Rewritten to require retrieval of the user's recurring preference and to make wrong answers parallel without relying on the original wording.
travel_pd_v03_probe_0029_00,direct_use,B,accept,Rewritten to reduce lexical copying and keep the scoped direct-use memory requirement clear. Choices are balanced and preserve the correct choice id.
travel_pd_v03_probe_0029_01,boundary,B,accept,"Rewritten as a boundary case where current scope matters. The correct boundary behavior remains attached to the same choice id, and distractors are plausible."
travel_pd_v03_probe_0029_02,exception,C,accept,Rewritten to foreground the one-off exception and maintain the same correct choice id. All options use comparable wording around current instruction versus remembered pattern.
travel_pd_v03_probe_0029_03,explicit_retrieval,C,accept,Rewritten to require explicit retrieval of the user's recurring hotel preference while reducing exact phrase reuse. The correct choice id is preserved.
travel_pd_v03_probe_0029_04,cross_habit_selection,C,accept,Rewritten to reduce repeated condition wording and make the scoped-memory selection depend on retrieved history. Gold choice C remains the only context-matched default.
travel_pd_v03_probe_0029_05,conflict_current_override,A,accept,Exception is stated in the current query and choices are plausibly similar. Gold choice A correctly treats the current request as a one-off override rather than a memory deletion.
travel_pd_v03_probe_0030_00,direct_use,B,accept,Direct-use probe now references retrieved history rather than simply restating the hidden condition. Gold choice B remains clearly supported.
travel_pd_v03_probe_0030_01,boundary,D,accept,Boundary probe appropriately requires current scope and retrieved memory. Gold choice D is the only answer that respects the vacation boundary.
travel_pd_v03_probe_0030_02,exception,B,accept,Exception wording is cleaned up and clearly distinguishes a current override from permanent memory change. Gold choice B remains correct.
travel_pd_v03_probe_0030_03,explicit_retrieval,B,accept,Explicit-retrieval probe now asks for the supported memory without over-repeating the original label. Gold choice B remains the only supported recurring preference.
travel_pd_v03_probe_0030_04,cross_habit_selection,D,accept,"Rewritten to require selecting between two retrieved memories with similar travel wording, while keeping the task scope focused on post-flight ground transfer rather than hotel selection."
travel_pd_v03_probe_0030_05,conflict_current_override,D,accept,Rewritten to make the current exception clear without relying on repeated hidden-default phrasing; distractors remain plausible memory-handling alternatives.
travel_pd_v03_probe_0031_00,direct_use,C,accept,Rewritten to require use of retrieved hotel-planning history and to reduce answerability from lexical overlap alone.
travel_pd_v03_probe_0031_01,boundary,A,accept,"Boundary case now emphasizes current scope and asks how to use the prior pattern, with similarly worded but distinct alternatives."
travel_pd_v03_probe_0031_02,exception,B,accept,Exception handling is clear: current instructions control this instance without deleting the stored preference.
travel_pd_v03_probe_0031_03,explicit_retrieval,A,accept,Rewritten as an explicit retrieval probe with parallel choice structure and no dependence on superficial phrasing beyond the relevant remembered pattern.
travel_pd_v03_probe_0031_04,cross_habit_selection,B,revise,Rewritten to reduce direct condition repetition and make the conflict require selecting the matching retrieved memory. Gold choice id B is preserved.
travel_pd_v03_probe_0031_05,conflict_current_override,C,revise,Rewritten to focus on the current exception and retained memory behavior without relying on repeated wording. Gold choice id C is preserved.
travel_pd_v03_probe_0032_00,direct_use,D,revise,Rewritten to require retrieved user history while avoiding exact repetition of the stored condition. Gold choice id D is preserved.
travel_pd_v03_probe_0032_01,boundary,A,revise,Rewritten as a boundary case where current scope determines that the remembered work-hotel default should not control. Gold choice id A is preserved.
travel_pd_v03_probe_0032_02,exception,D,revise,Rewritten to remove awkward duplicated phrasing and clarify the exception handling. Gold choice id D is preserved.
travel_pd_v03_probe_0032_03,explicit_retrieval,D,revise,Rewritten to reduce lexical overlap while preserving the explicit retrieval objective and gold choice id D.
travel_pd_v03_probe_0033_00,direct_use,B,revise,"Rewritten to use a concrete booking scenario rather than repeating the stored condition verbatim. The choices remain parallel and plausible, and choice B remains the supported default."
travel_pd_v03_probe_0033_01,boundary,D,revise,Rewritten as a boundary case where the current scope limits the remembered loyalty default. Choice D remains correct and the distractors are similar in form without relying on exact copied wording.
travel_pd_v03_probe_0033_02,exception,D,revise,Rewritten to make the current exception explicit without awkward duplicated phrasing. Choice D remains correct: current instruction controls this case but does not erase the stored default.
travel_pd_v03_probe_0033_03,explicit_retrieval,B,revise,Rewritten as an explicit memory retrieval question with less verbatim overlap. Choice B remains the supported recurring default and the other choices are plausible alternatives.
travel_pd_v03_probe_0033_04,cross_habit_selection,A,revise,"Rewritten to reduce lexical copying and emphasize cross-habit selection. Choice A remains correct because the current task matches the mobility/fatigue travel habit, not the loyalty-booking habit."
travel_pd_v03_probe_0033_05,conflict_current_override,B,revise,Rewritten as a current override/exception case with concrete wording. Choice B remains correct: obey the current constraint without deleting the prior family-travel default.
travel_pd_v03_probe_0034_00,direct_use,A,revise,Rewritten to require use of retrieved user history and to reduce answerability from repeated wording. Gold remains A; distractors are plausible policy alternatives with similar framing.
travel_pd_v03_probe_0034_01,boundary,C,revise,"Boundary case now contrasts retrieved history with current scope, so the correct answer depends on recognizing the stored pattern is out of scope. Gold remains C."
travel_pd_v03_probe_0034_02,exception,A,revise,"Exception case now requires comparing retrieved memory with the current explicit instruction. Gold remains A; alternatives cover override, no recommendation, and permanent replacement."
travel_pd_v03_probe_0034_03,explicit_retrieval,A,revise,"Explicit retrieval probe is cleaned up to remove the duplicated phrase and reduce lexical shortcuts. Gold remains A, with distractors phrased as competing remembered preferences."
travel_pd_v03_probe_0034_04,cross_habit_selection,B,revise,"Cross-habit probe now requires selecting the memory matching the current task, rather than relying on repeated condition wording. Gold remains B."
travel_pd_v03_probe_0035_00,direct_use,C,revise,Rewritten to require retrieved history and avoid direct copying of the target phrase. Gold remains C; distractors remain plausible and similarly worded.
travel_pd_v03_probe_0035_01,boundary,C,accept,"Rewritten to make the boundary hinge on the current fixed-commitment context rather than on repeated wording from the stored preference. The gold choice remains C, and the distractors are plausible with similar travel-planning wording."
travel_pd_v03_probe_0035_02,exception,C,accept,"Rewritten to remove the shortcut phrasing from the original query and make the exception depend on the user's explicit current instruction. The gold choice remains C, with plausible alternatives about conflict handling and future memory use."
travel_pd_v03_probe_0035_03,explicit_retrieval,D,accept,"Rewritten to require retrieval of the user's recurring history while reducing direct lexical overlap with the stored condition. The gold choice remains D, and the distractors are similar in form and plausibility."
