review_id,public_probe_id,probe_id,user_id,split,probe_type,habit_family,stress_variant,query,choices_json,proposed_gold_choice_id,proposed_gold_action,evidence_preview_json,auto_validation_status,reviewer_decision,reviewer_notes
review_tm2_planning_v02_user_0001_habit_tight_schedule_nonstop_priority_p02_exception,taskmaster_planning_v02_probe_29ec1155aff64789,tm2_planning_v02_user_0001_habit_tight_schedule_nonstop_priority_p02_exception,tm2_planning_v02_user_0001,dev,exception,planning_defaults,taskmaster_seeded_gpt55_xhigh_sessionwise_multihabit_v02,"For the San Diego trip arriving Thursday for a convention-center stay, you are not landing and going straight into meetings, and the afternoon is flexible. You want to keep the out-of-pocket fare under $300 and use United miles if possible. Which flight should be chosen?","[{""choice_id"": ""A"", ""text"": ""Book the $520 nonstop that arrives earliest and gives the largest schedule cushion.""}, {""choice_id"": ""B"", ""text"": ""Book the $240 two-stop itinerary that arrives much later and cannot use your United miles.""}, {""choice_id"": ""C"", ""text"": ""Book the $270 one-stop itinerary on another airline with a 35-minute connection because it is the cheapest cash fare.""}, {""choice_id"": ""D"", ""text"": ""Book the $285 one-stop United itinerary where you can apply miles, with a reasonable 75-minute connection.""}]",D,apply_current_trip_constraint,"[{""session_id"": ""tm2_planning_v02_user_0001_s0001"", ""session_index"": 1, ""signal_type"": ""exception"", ""source_domain"": ""hotels"", ""messages_preview"": ""user: I'd like help finding a hotel in San Diego, and I may need flights too. | assistant: Sure. What dates are you traveling, where in San Diego do you need to be, and do you have any hotel or flight constraints? | user: Arrive Thursday, May 16, leave Sunday, May 19. I need to be near the convention center, but this is not like my usual work trips where I land and go straight into meetings. I have a flexible afternoon on Thursday. | assistant: Got it. For hotels near the convention center, are you aiming for walking distance, a specific star level, or a budget range? | user: Walking distance would be great, but keep it under about $260 a night if possible. I don't need luxury, just clean, safe, and not too far from the Gaslamp area. | assistant: A few likely fits would be the Hilton San Diego Gaslamp Quar...""}]",pass,accept,"accept: The current trip explicitly prioritizes budget and United miles over schedule cushion, making the one-stop United option uniquely correct despite the user's usual nonstop preference."
review_tm2_planning_v02_user_0002_habit_uncertain_trip_refundable_fare_p01_boundary,taskmaster_planning_v02_probe_9e59fed95619d968,tm2_planning_v02_user_0002_habit_uncertain_trip_refundable_fare_p01_boundary,tm2_planning_v02_user_0002,test,boundary,planning_defaults,taskmaster_seeded_gpt55_xhigh_sessionwise_multihabit_v02,"A user is comparing airfare for a personal trip to Madison for a family reunion. The reunion weekend is set, their vacation days are approved, and they prefer the nonstop that arrives Friday evening. They need a carry-on and want seats assigned in advance. Fares on that nonstop are $248 basic economy with strict bag and seat limits, $296 standard economy nonrefundable, and $374 refundable economy. Which recommendation best fits this trip?","[{""choice_id"": ""A"", ""text"": ""Book the $296 standard economy nonrefundable fare on the preferred nonstop, since it covers the carry-on and seat-assignment needs.""}, {""choice_id"": ""B"", ""text"": ""Pay $374 for the refundable economy fare on the same nonstop to keep cancellation and change options open.""}, {""choice_id"": ""C"", ""text"": ""Book the $248 basic economy fare on the preferred nonstop to minimize the ticket price, accepting the stricter bag and seat limits.""}, {""choice_id"": ""D"", ""text"": ""Choose a semi-flexible fare on a connecting itinerary if it costs less than the refundable nonstop, even though the arrival would be less convenient.""}]",A,do_not_apply_out_of_scope,"[{""session_id"": ""tm2_planning_v02_user_0002_s0001"", ""session_index"": 1, ""signal_type"": ""boundary_counterexample"", ""source_domain"": ""hotels"", ""messages_preview"": ""user: Hi, can you help me find a hotel in Madison, Wisconsin? | assistant: Sure. What dates, how many guests, and do you want to be near downtown, the university, or somewhere with easier parking? | user: It's a personal trip for my niece's graduation weekend. The dates are confirmed: check in Friday May 16 and check out Monday May 19. Two adults, one room, king or queen is fine. I want to keep the cost down because th... | assistant: Got it. For graduation weekend, rooms near campus can fill quickly. Will you have a car, and is walking distance to campus important? | user: We'll drive from Chicago, so parking matters. We'd like to be close enough to walk to State Street or campus if the weather is decent. Budget target is under $220 per night before tax. Lowest solid rate matters more t... | assistant: He...""}, {""session_id"": ""tm2_planning_v02_user_0002_s0021"", ""session_index"": 21, ""signal_type"": ""boundary_counterexample"", ""source_domain"": ""hotels"", ""messages_preview"": ""user: Hi, I need help picking a hotel in Palm Springs, California. | assistant: Sure, I can help with that. What dates are you staying, and how many guests will there be? | user: Two adults, May 16 to May 19. It’s for our anniversary. Flights into PSP are already booked and we have tickets for a show Saturday night, so the dates are set. | assistant: Got it: three nights, two adults, fixed anniversary weekend. What matters most for the hotel: price, pool, walkability, parking, resort feel, or something quieter? | user: A pool is important, and I’d like to be close enough to downtown that we can Uber cheaply or walk to dinner. I don’t want a huge party hotel. King bed if possible. | assistant: Here are three solid matches. Caliente Palms Boutique is near downtown, has a quiet pool courtyard, king room, and ...""}]",pass,accept,"accept: Boundary query is clearly outside the tentative work-trip condition, and A uniquely fits the fixed personal trip’s carry-on, seat-assignment, and nonstop needs without applying the refundable-fare default."
review_tm2_planning_v02_user_0004_habit_quiet_hotel_for_work_p00_direct_use,taskmaster_planning_v02_probe_e9111e4887239b12,tm2_planning_v02_user_0004_habit_quiet_hotel_for_work_p00_direct_use,tm2_planning_v02_user_0004,test,direct_use,planning_defaults,taskmaster_seeded_gpt55_xhigh_sessionwise_multihabit_v02,"I'm booking a three-night hotel stay in Seattle for a client workshop. I'll be in sessions most of the day, with some time in the evenings to catch up on emails and deck edits. Which option should I choose?","[{""choice_id"": ""A"", ""text"": ""A hotel attached to the workshop venue, with the shortest commute, a popular lobby bar, compact rooms, and desk space that reviewers say is better for quick emails than longer work blocks.""}, {""choice_id"": ""B"", ""text"": ""A newer hotel in a restaurant-heavy area with a rooftop lounge, strong design reviews, and easy access to dinner spots, though guests often mention a lively evening atmosphere.""}, {""choice_id"": ""C"", ""text"": ""A full-service property a short rideshare from the workshop, with a gym, pool, breakfast package, and business center, but mixed room reviews for Wi-Fi strength and work surfaces.""}, {""choice_id"": ""D"", ""text"": ""A smaller business-oriented hotel on an office-heavy block, about a 10-minute walk from the workshop, with reliable Wi-Fi, full in-room desks, and fewer on-site amenities or nightlife options.""}]",D,apply_scoped_habit,"[{""session_id"": ""tm2_planning_v02_user_0004_s0016"", ""session_index"": 16, ""signal_type"": ""support"", ""source_domain"": ""flights"", ""messages_preview"": ""user: I need help lining up a Delta trip to Seattle for next month. It is for a client workshop, so I also need a hotel that will let me get real work done. | assistant: Sure. What city are you flying from, what dates, and do you have any timing constraints for the flights? | user: Leaving from Atlanta on Monday, May 13, returning Thursday, May 16. I need to be in Seattle by midafternoon Monday because I have prep calls that evening. | assistant: I can look for Delta options arriving before midafternoon. Do you prefer nonstop if available, or are you open to one connection for a lower fare? | user: Nonstop if it is not wildly more expensive. For this trip the schedule matters more than shaving off a little money. | assistant: A good fit would be a Delta nonstop leaving Atlanta around 8:20 AM and arriving S...""}, {""session_id"": ""tm2_planning_v02_user_0004_s0017"", ""session_index"": 17, ""signal_type"": ""support"", ""source_domain"": ""hotels"", ""messages_preview"": ""user: Hi, I need help picking a hotel in Seattle for a work trip next month. | assistant: Sure. What dates, budget, and part of Seattle are you considering? | user: June 11 to 13, just me. I have vendor meetings near the Convention Center and I’ll need to finish a slide deck at night. I’d rather not end up somewhere loud. | assistant: Got it. Do you want to be walking distance to the Convention Center, or is a short rideshare okay? | user: Walking distance would be nice, but not if it means staying above bars or a clubby lobby. I need decent Wi-Fi, a real desk, and quiet enough for a couple of evening calls. | assistant: I found three plausible options: The Paramount Hotel, close to the Convention Center with business-friendly rooms; Hotel Theodore, stylish and central but busier in the lobby; and a boutiq...""}, {""session_id"": ""tm2_planning_v02_user_0004_s0018"", ""session_index"": 18, ""signal_type"": ""support"", ""source_domain"": ""flights"", ""messages_preview"": ""user: I need to arrange a round trip flight from Austin to Seattle for a client workshop next month, and probably a hotel too. | assistant: Sure. What dates are you traveling, and do you have any time or airline preferences? | user: Leave Monday, May 13, and come back Thursday evening, May 16. I need to be in Bellevue by 2 pm Monday, so a morning arrival would be best. | assistant: I found a few reasonable round-trip options. The strongest fit is a 7:10 am departure from Austin with one stop in Denver, landing in Seattle at 11:35 am. Return Thursday departs 5:45 pm and arrives in Austin at 11:20... | user: Let’s keep the buffer. I’ll have materials to review when I land, so I don’t want to be rushing straight into the room. | assistant: Understood. For hotels, do you want to stay in downtown Seattle or clo...""}, {""session_id"": ""tm2_planning_v02_user_0004_s0023"", ""session_index"": 23, ""signal_type"": ""support"", ""source_domain"": ""hotels"", ""messages_preview"": ""user: I’m heading to West Palm Beach next month and need help choosing a hotel. It’s not a vacation trip; I’ll be there for client meetings and a lot of prep work. | assistant: Sure, I can help narrow it down. What dates are you traveling, and do you have a preferred area or nightly budget? | user: April 14 through April 17, three nights. Budget can go up to around $260 a night before taxes if it makes the work side easier. | assistant: Got it. Will you have a car, or do you need to be close to a meeting location? | user: No car if I can avoid it. My meetings are near the courthouse and one is by CityPlace. I’m fine with a short rideshare, but I need a place where I can take calls from the room without hallway noise or music bleeding in. | assistant: That helps. Downtown West Palm Beach has several options...""}]",pass,accept,"accept: The in-scope work-trip query requires applying the supported quiet-workspace hotel default, and D is the unique plausible match."
review_tm2_planning_v02_user_0006_habit_family_trip_flexible_cancellation_p00_direct_use,taskmaster_planning_v02_probe_ff5b2ee42921199d,tm2_planning_v02_user_0006_habit_family_trip_flexible_cancellation_p00_direct_use,tm2_planning_v02_user_0006,test,direct_use,planning_defaults,taskmaster_seeded_gpt55_xhigh_sessionwise_multihabit_v02,"I'm booking a four-night Chicago hotel stay during school break for my spouse, our two kids, and my mother. We'll spend most days around the museums and riverfront, and I'm comparing rates for two rooms. Which option would you recommend?","[{""choice_id"": ""A"", ""text"": ""Book the lowest total price: a prepaid, nonrefundable two-room rate at a well-rated River North hotel with breakfast included.""}, {""choice_id"": ""B"", ""text"": ""Choose a lower-priced O'Hare-area hotel with larger rooms, accepting the extra transit or rideshare time into the city each day.""}, {""choice_id"": ""C"", ""text"": ""Choose a comparable Loop hotel that costs a bit more but includes free cancellation until a few days before arrival and no-fee date changes.""}, {""choice_id"": ""D"", ""text"": ""Reserve an apartment-style suite with a kitchen and more shared space, even though its cancellation terms are strict and the total cost is higher.""}]",C,apply_scoped_habit,"[{""session_id"": ""tm2_planning_v02_user_0006_s0009"", ""session_index"": 9, ""signal_type"": ""support"", ""source_domain"": ""hotels"", ""messages_preview"": ""user: Hi, I need help finding a hotel in San Francisco for a family weekend in late April. | assistant: Sure. What dates, how many people, and what part of the city are you hoping to stay in? | user: Friday April 25 to Monday April 28. It’ll be me, my husband, our two kids, and my parents. We’ll need either two rooms or a suite plus an extra room. | assistant: Got it. Are you planning to focus on sightseeing, visiting family, or a specific event? | user: Mostly sightseeing: Exploratorium, ferry building, maybe Golden Gate Park. My parents don’t want steep walks every time we leave the hotel. | assistant: A flatter, transit-friendly area would help. Embarcadero, Union Square near transit, or Fisherman’s Wharf could work. Do you have a nightly budget? | user: Ideally under $330 per room per night, but I’m no...""}, {""session_id"": ""tm2_planning_v02_user_0006_s0015"", ""session_index"": 15, ""signal_type"": ""support"", ""source_domain"": ""hotels"", ""messages_preview"": ""user: I’m putting together a Palm Springs weekend for my family in late April and need help narrowing down hotels. | assistant: Sure. What dates, how many people, and any must-haves for the hotel? | user: Friday April 26 to Monday April 29. Two adults, our two kids, and possibly my mother-in-law if she decides to join. So I’m looking at either a suite or connecting rooms. | assistant: Got it. Are you aiming for a resort stay, something close to downtown Palm Springs, or the lowest nightly price? | user: Pool matters more than being downtown. The kids will want to swim. Also, because my mother-in-law may come and my son’s tournament schedule can shift, I don’t want a nonrefundable booking even if it’s cheaper. | assistant: That makes sense. I can focus on family-friendly hotels with flexible cancellation or...""}, {""session_id"": ""tm2_planning_v02_user_0006_s0027"", ""session_index"": 27, ""signal_type"": ""support"", ""source_domain"": ""hotels"", ""messages_preview"": ""user: I'm trying to find a hotel in West Palm Beach for a long weekend in late April. It'll be me, my spouse, our two kids, and my parents. | assistant: Sure. Do you want to be closer to the beach, downtown, or near the airport? Also, how many rooms and what budget range should I use? | user: Two rooms, preferably adjoining or at least on the same floor. We'd like to stay under about $260 a night per room if possible. Beach access is nice, but we don't need to be right on the sand. | assistant: For a family group, I’d compare places around CityPlace/downtown and a few near Palm Beach Lakes Boulevard. Do you need breakfast, a pool, or any mobility considerations for your parents? | user: Breakfast and a pool would help a lot. My dad walks slowly, so I don't want a huge resort layout where the room is a trek...""}, {""session_id"": ""tm2_planning_v02_user_0006_s0028"", ""session_index"": 28, ""signal_type"": ""support"", ""source_domain"": ""flights"", ""messages_preview"": ""user: Hi, I need help finding flights for a family trip this summer. | assistant: Sure, I can help with that. What cities are you flying between, and what dates are you considering? | user: We'd be going from Seattle to Orlando, probably June 14th to June 21st. It will be me, my husband, our two kids, and my mother-in-law. | assistant: Got it: five travelers from Seattle to Orlando, departing June 14 and returning June 21. Do you prefer nonstop flights, certain times of day, or a particular airline? | user: Nonstop would be ideal, but not if it's wildly expensive. I'd rather leave in the morning or early afternoon since the kids get cranky late at night. Also, please don't show me the rock-bottom basic fares if they can'... | assistant: Understood. For a family group, I’ll focus on fares that allow changes...""}]",pass,accept,"accept: The request is clearly in scope for family travel, the flexible-cancellation option uniquely matches the supported default, and the distractors are plausible travel tradeoffs without leakage."
review_tm2_planning_v02_user_0007_habit_short_trip_no_checked_bag_p02_exception,taskmaster_planning_v02_probe_bdf3fb6e637ce47f,tm2_planning_v02_user_0007_habit_short_trip_no_checked_bag_p02_exception,tm2_planning_v02_user_0007,test,exception,planning_defaults,taskmaster_seeded_gpt55_xhigh_sessionwise_multihabit_v02,"You are helping plan a one-night JFK-to-SFO work trip. The traveler says: ""For this trip, I need to bring a locked sample case and a tripod that exceed cabin-size limits. They can’t be sent ahead, and they need to be with me for a morning presentation."" Which plan should you recommend?","[{""choice_id"": ""A"", ""text"": ""Book a carry-on-only fare and plan to gate-check the case and tripod at boarding if needed, so the schedule does not have to include baggage-claim time.""}, {""choice_id"": ""B"", ""text"": ""Choose a lower-priced one-stop itinerary that allows checked baggage, accepting a tight connection to keep the fare down.""}, {""choice_id"": ""C"", ""text"": ""Book the cheapest basic-economy nonstop and wait until airport check-in to add whatever checked baggage the equipment requires.""}, {""choice_id"": ""D"", ""text"": ""Book a nonstop standard-economy-or-better fare with enough checked-bag allowance for the case and tripod, confirm any size rules, and build in time for bag drop and baggage claim.""}]",D,apply_current_trip_constraint,"[{""session_id"": ""tm2_planning_v02_user_0007_s0014"", ""session_index"": 14, ""signal_type"": ""exception"", ""source_domain"": ""flights"", ""messages_preview"": ""user: I’m trying to clean up a few work trips at once. First is a quick Newark to Raleigh overnight next Monday. Please keep it simple: backpack plus roller only, no fare that forces me to check anything. | assistant: For that one-night Raleigh visit, I’d focus on nonstop or one-stop flights with standard economy or better, since basic fares can be awkward about carry-ons. I’ll avoid tight connections and anything where your roller... | user: Exactly. Same rule as my Boston client visit last month and the Chicago one before that. If I’m gone one night, I don’t want to stand at baggage claim. | assistant: Understood. For short work hops, I’ll keep the plan cabin-friendly: normal carry-on allowance, enough overhead-bin likelihood, and no itinerary where checking a suitcase is part of the plan. | user: Good. ...""}]",pass,accept,"accept: The exception request clearly overrides the short-trip carry-on default, and D is the unique coherent plan that accommodates the required oversized equipment."
review_tm2_planning_v02_user_0009_habit_red_eye_avoidance_p01_boundary,taskmaster_planning_v02_probe_b63be0a2857d5ab1,tm2_planning_v02_user_0009_habit_red_eye_avoidance_p01_boundary,tm2_planning_v02_user_0009,stress,boundary,planning_defaults,taskmaster_seeded_gpt55_xhigh_sessionwise_multihabit_v02,"A traveler is booking a Los Angeles–Paris round trip for a design review week. They plan to depart Friday, but their Los Angeles meetings run until about 5:30 p.m., and they’d rather not give up that workday. Search results include Friday evening flights that operate overnight and arrive Saturday, as well as later daytime-oriented options that avoid sleeping on the plane but reduce their time to settle in before Monday. Which recommendation best fits this request?","[{""choice_id"": ""A"", ""text"": ""Keep the Friday evening overnight departures in the shortlist and compare them by nonstop or connection quality, fare, and arrival time, because this trip is organized around preserving Friday daytime.""}, {""choice_id"": ""B"", ""text"": ""Filter out the overnight departures first and steer toward a later daytime-oriented option unless the fare savings on the overnight flights are dramatic.""}, {""choice_id"": ""C"", ""text"": ""Pick the cheapest Friday evening overnight itinerary as soon as it leaves after the meetings, even if it has a weak connection or a much later arrival.""}, {""choice_id"": ""D"", ""text"": ""Recommend a Friday afternoon flight if it is more comfortable or similarly priced, and have them shorten the last work meetings to make it.""}]",A,do_not_apply_out_of_scope,"[{""session_id"": ""tm2_planning_v02_user_0009_s0008"", ""session_index"": 8, ""signal_type"": ""boundary_counterexample"", ""source_domain"": ""flights"", ""messages_preview"": ""user: I’m trying to get to Los Angeles and need help narrowing down flights. | assistant: Sure. What city are you leaving from, what dates are you considering, and do you have a latest arrival time in Los Angeles? | user: Leaving Honolulu. I have to be at a meeting near LAX by 8:30 Monday morning, but I cannot leave before 8:15 Sunday night because of a family dinner. I want to return Friday late afternoon or evening. | assistant: That timing will likely mean an overnight flight to LAX. Is that acceptable for this trip? Also, how many travelers, and will you check a bag? | user: Just me, one checked bag plus a backpack. And yes, this is one of the rare times an overnight is okay. Normally I avoid red-eyes unless the savings are huge or the schedule benefit is really important, but I promised ... | assistan...""}, {""session_id"": ""tm2_planning_v02_user_0009_s0032"", ""session_index"": 32, ""signal_type"": ""boundary_counterexample"", ""source_domain"": ""flights"", ""messages_preview"": ""user: Hi, I’m arranging a round trip from Los Angeles to Paris for a design review week. I want to get the flights settled first. | assistant: Sure. What dates are you traveling, and are you leaving from LAX or another Los Angeles-area airport? | user: LAX is best. I need to leave Friday, September 13, and come back Sunday, September 22. For my usual trips I try not to take overnight flights unless the fare difference is really big, because I’m wrecked the next day. | assistant: Got it. For this Paris trip, do you still want me to avoid overnight timing, or is there a scheduling reason to consider it? | user: This one is different. I have meetings in LA until about 5:30 that Friday, and I don’t want to burn the whole workday. So leaving at night is fine here, even if it means sleeping on the plane. | assis...""}]",pass,accept,"accept: The query is in the hidden boundary/exception scope where preserving Friday daytime is an explicit schedule advantage, making A the unique plausible recommendation over applying the red-eye-avoidance default."
review_tm2_planning_v02_user_0011_habit_early_morning_avoidance_p01_boundary,taskmaster_planning_v02_probe_ce26e5597497d8c5,tm2_planning_v02_user_0011_habit_early_morning_avoidance_p01_boundary,tm2_planning_v02_user_0011,dev,boundary,planning_defaults,taskmaster_seeded_gpt55_xhigh_sessionwise_multihabit_v02,"A traveler is booking a same-day flight from Cleveland to New York for a mandatory 10:00 AM client kickoff in Midtown. They cannot fly in the night before, and arriving after the start would cause serious problems; assume they still need to deplane, get a rideshare, and check in. Which outbound should you recommend?","[{""choice_id"": ""A"", ""text"": ""7:05 AM nonstop to LaGuardia, landing at 8:55 AM, for the lowest fare.""}, {""choice_id"": ""B"", ""text"": ""6:40 AM nonstop to Newark, landing at 8:20 AM, for $40 more than the lowest fare.""}, {""choice_id"": ""C"", ""text"": ""5:55 AM nonstop to LaGuardia, landing at 7:25 AM, for $85 more than the lowest fare.""}, {""choice_id"": ""D"", ""text"": ""5:30 AM one-stop to LaGuardia, landing at 8:35 AM if the connection is made, for $20 more than the lowest fare.""}]",C,do_not_apply_out_of_scope,"[{""session_id"": ""tm2_planning_v02_user_0011_s0003"", ""session_index"": 3, ""signal_type"": ""boundary_counterexample"", ""source_domain"": ""hotels"", ""messages_preview"": ""user: I need help finding a hotel in New York for next Wednesday night. | assistant: Sure. What area of New York would you like to be near, and what is your budget? Also, are you only looking for the hotel, or do you need help with getting there too? | user: This is for a trade media breakfast at the Javits Center on Thursday morning. I'm coming from Cleveland, and I can't fly in the night before because of a board call that ends late. I need the hotel for Thursday night ... | assistant: Got it. Since you need to be at Javits Thursday morning, the inbound flight is important. What time do you need to be on site, and do you have a hotel budget or preferred style? | user: Tech check is at 8:30 AM sharp, and they asked presenters to be there before attendees arrive. Hotel under $350 before taxes if possible, ...""}, {""session_id"": ""tm2_planning_v02_user_0011_s0034"", ""session_index"": 34, ""signal_type"": ""boundary_counterexample"", ""source_domain"": ""flights"", ""messages_preview"": ""user: I need help choosing a round trip from Seattle to Salt Lake City. Outbound is today, September 13, and I come back September 18. This is for a client kickoff downtown, and I have to be at the Grand America by 10:15 th... | assistant: Understood. For the outbound, arrival time matters more than comfort. Are you flying from Sea-Tac, carrying bags, and do you have any airline preference? | user: Sea-Tac, carry-on only, and I have PreCheck. Delta or Alaska are both fine. I know the first flight is painful, but missing the opening session would be worse. | assistant: I found three plausible nonstop options: Delta at 5:40 AM arriving SLC 8:35 AM for about $328, Alaska at 7:25 AM arriving 10:18 AM for about $287, and Delta at 9:15 AM arriving 12:05 PM for about $241. Because you nee... | user: The 7:25 is t...""}]",pass,accept,"accept: Boundary request clearly involves critical business arrival timing, so recommending the safest early nonstop is uniquely supported without leaking private terms."
review_tm2_planning_v02_user_0012_habit_business_travel_arrival_buffer_p00_direct_use,taskmaster_planning_v02_probe_2014673fe0856b8e,tm2_planning_v02_user_0012_habit_business_travel_arrival_buffer_p00_direct_use,tm2_planning_v02_user_0012,test,direct_use,planning_defaults,taskmaster_seeded_gpt55_xhigh_sessionwise_multihabit_v02,"I’m booking travel for a client onsite in Denver next Tuesday. The client workshop starts at 1:00 p.m. at their downtown office, and I need to choose the outbound plan and hotel location. Which option should I pick?","[{""choice_id"": ""A"", ""text"": ""Take a Tuesday morning connecting flight scheduled to land at 10:50 a.m., save about $90, and go straight from the airport to the client office.""}, {""choice_id"": ""B"", ""text"": ""Book the cheapest Tuesday morning flight, scheduled to land at 11:45 a.m., and use a lower-cost hotel about 30 minutes from the client office.""}, {""choice_id"": ""C"", ""text"": ""Fly in Monday evening on a nonstop, stay at a hotel a short walk from the client office, and spend about $160 more than the cheapest Tuesday option.""}, {""choice_id"": ""D"", ""text"": ""Take a Tuesday morning nonstop scheduled to land at 10:15 a.m., save about $120 with an airport-area hotel, and stop there to drop luggage before heading downtown.""}]",C,apply_scoped_habit,"[{""session_id"": ""tm2_planning_v02_user_0012_s0001"", ""session_index"": 1, ""signal_type"": ""support"", ""source_domain"": ""hotels"", ""messages_preview"": ""user: Hi, I need help arranging a hotel in Madison, Wisconsin, for a client visit next month. | assistant: Sure. What dates will you be in Madison, and do you have a specific area or budget in mind? | user: I need to be onsite with the client Tuesday at 2:00 pm and Wednesday morning. I’ll fly in from Denver. Ideally downtown or near the university, but the timing matters more than saving a few dollars. | assistant: Got it. Are you planning to arrive Tuesday morning, or would you consider Monday night? | user: Please check both, but I’m cautious about same-day arrivals for client meetings. If I arrive Tuesday, I need enough cushion to deal with delays, get to the hotel, and still walk in prepared. | assistant: There is a lower-cost Tuesday option landing in Madison at 12:05 pm, and a Monday evening option l...""}, {""session_id"": ""tm2_planning_v02_user_0012_s0007"", ""session_index"": 7, ""signal_type"": ""support"", ""source_domain"": ""hotels"", ""messages_preview"": ""user: I need to set up a hotel in St. Louis for a work trip next month. It’s for a client onsite, so I want the timing to be clean. | assistant: Sure. What dates are you traveling, and where in St. Louis will the client meeting be? | user: I fly in Monday, March 18, and check out Wednesday the 20th. The client office is near Clayton, and the first meeting is Monday at 2:30 PM. | assistant: Would you prefer staying in Clayton close to the office, or somewhere downtown with more restaurants and nightlife? | user: Close to the office. This isn’t a sightseeing trip. I mainly need to be settled and not watching the clock before the kickoff. | assistant: Understood. I found three reasonable options: a Clayton business hotel at $214 per night, a downtown boutique hotel at $189, and an airport-area hotel at $156. ...""}, {""session_id"": ""tm2_planning_v02_user_0012_s0011"", ""session_index"": 11, ""signal_type"": ""support"", ""source_domain"": ""hotels"", ""messages_preview"": ""user: Hi, I need help putting together a quick trip to Denver for a client visit next Tuesday. I also need a hotel room with a refrigerator because I’ll be traveling with medication that has to stay cold. | assistant: I can help with that. What time is the client visit, and do you have any preferences for location, budget, or hotel type? | user: The onsite walkthrough starts at 1:30 PM at their office near Union Station. I’ll be flying in from Seattle. Budget is flexible within reason, but I need things to be dependable. | assistant: For the hotel, staying near Union Station would make the morning easy. I can look for properties with in-room mini-fridges or guaranteed medical refrigeration. Do you want to arrive Tuesday morning or Monday night? | user: Monday night is my preference if the cost isn’t absurd...""}, {""session_id"": ""tm2_planning_v02_user_0012_s0018"", ""session_index"": 18, ""signal_type"": ""support"", ""source_domain"": ""flights"", ""messages_preview"": ""user: I need help booking a round trip from San Francisco to San Juan, Puerto Rico for a client implementation visit. | assistant: Sure. What dates are you looking at, and do you have any meeting times I should plan around? | user: The onsite kickoff is Wednesday, January 22 at 2:00 pm local time. I can leave Tuesday evening if needed. Return Friday, January 24 after the client debrief. | assistant: Got it. For the outbound, I found three reasonable options: a Tuesday 10:25 pm departure from SFO connecting in Atlanta and arriving SJU Wednesday at 11:35 am for $672; a Tuesday 11:55 pm departure via JFK arriving at... | user: The last one won't work at all. Between the first two, I know the JFK one is cheaper, but 1:20 is too close to a 2:00 client start. I still need to get off the plane, grab my bag, and g...""}]",pass,accept,"accept: The in-scope client onsite request uniquely supports choosing the protected prior-evening arrival with nearby hotel over cheaper tighter same-day options, and the evidence coherently supports the scoped buffer default."
review_tm2_planning_v02_user_0013_habit_tight_schedule_nonstop_priority_p00_direct_use,taskmaster_planning_v02_probe_422ca21daf99334d,tm2_planning_v02_user_0013_habit_tight_schedule_nonstop_priority_p00_direct_use,tm2_planning_v02_user_0013,test,direct_use,planning_defaults,taskmaster_seeded_gpt55_xhigh_sessionwise_multihabit_v02,"I’m booking an outbound flight from Denver to Seattle for next Tuesday. I arrive the same day as a 1:30 p.m. client kickoff downtown, and I’ll have only a carry-on. No airline is required. Which flight should I put first?","[{""choice_id"": ""A"", ""text"": ""Book the $420 nonstop to SEA, arriving at 10:10 a.m., leaving a solid buffer before heading downtown.""}, {""choice_id"": ""B"", ""text"": ""Book the $365 one-stop itinerary through Salt Lake City, arriving at SEA at 9:55 a.m. after a 55-minute connection.""}, {""choice_id"": ""C"", ""text"": ""Book the $310 one-stop itinerary through Phoenix, arriving at SEA at 11:15 a.m. after a 1-hour 25-minute layover.""}, {""choice_id"": ""D"", ""text"": ""Book the $295 one-stop itinerary through San Francisco, arriving at SEA at 12:05 p.m. with a 45-minute connection.""}]",A,apply_scoped_habit,"[{""session_id"": ""tm2_planning_v02_user_0013_s0001"", ""session_index"": 1, ""signal_type"": ""support"", ""source_domain"": ""hotels"", ""messages_preview"": ""user: I need help setting up a quick work trip to West Palm Beach next month. It is mostly about the hotel, but I also need the flight to make sense. | assistant: Sure. What dates are you traveling, where will your meetings be, and what kind of hotel budget should I keep in mind? | user: I fly in Tuesday, May 14, and come back Wednesday night. The meeting is at a client office near downtown West Palm Beach, close to Clematis Street. I need to be there by noon on Tuesday, so I really cannot afford a me... | assistant: Understood. For the hotel, would you rather stay downtown within a short ride of the client office, or closer to Palm Beach International Airport for easier departure on Wednesday? | user: Downtown is better. I can take a rideshare to the airport after the Wednesday meeting. For Tuesday, thoug...""}, {""session_id"": ""tm2_planning_v02_user_0013_s0005"", ""session_index"": 5, ""signal_type"": ""support"", ""source_domain"": ""hotels"", ""messages_preview"": ""user: I need to put together a quick work trip to Santa Fe, New Mexico. Mainly I need a hotel, but the flight timing may matter too. | assistant: Sure. What dates are you traveling, and do you want to stay near a particular part of Santa Fe? | user: I need to be there Wednesday, June 12, and check out Friday the 14th. My client meeting starts at 1:00 pm on Wednesday near the Plaza, so I can't have a messy arrival. | assistant: Got it. For hotels near the Plaza, I can look at walkable options with business-friendly amenities. Are you flying in from Denver as usual, or from somewhere else? | user: From Denver. Please look at the flight too. I know there are cheaper ways through Dallas or by flying into Albuquerque, but I really need to land with time to get to the meeting and change. | assistant: Here are a ...""}, {""session_id"": ""tm2_planning_v02_user_0013_s0008"", ""session_index"": 8, ""signal_type"": ""support"", ""source_domain"": ""flights"", ""messages_preview"": ""user: I need help booking a flight, please. | assistant: Sure. What cities are you traveling between, and what dates do you have in mind? | user: I’m flying from Boston to Atlanta next Tuesday, returning Wednesday evening. I have a client meeting in Midtown at 1:30 Tuesday, so I need to land with room to get across town. | assistant: Got it. Do you prefer morning departure, and are there any airlines or airports you want to avoid? | user: Morning is fine, Logan to ATL. I’m not picky on airline, but I don’t want a risky connection. This is one of those trips where a delay would ruin the day. | assistant: I see a few reasonable choices: a 7:05 AM nonstop on Delta arriving 9:55 AM for $318, an 8:10 AM nonstop on JetBlue arriving 11:08 AM for $335, and a 6:30 AM American flight through Charlotte arriving 10:50...""}, {""session_id"": ""tm2_planning_v02_user_0013_s0014"", ""session_index"": 14, ""signal_type"": ""support"", ""source_domain"": ""flights"", ""messages_preview"": ""user: I need help finding a flight from Raleigh-Durham to Boston next Thursday. I have a client review downtown at 1:30 p.m., so I need to land with enough room to get into the city. | assistant: Sure. What time would you like to arrive by, and are you returning the same day or staying overnight? | user: Returning Friday evening. For the outbound, I do not want to cut it close. If I land by 10:30 a.m. that should leave time for traffic and getting settled. | assistant: I found three reasonable outbound options: a nonstop leaving 8:05 a.m. and arriving 10:02 a.m. for $286, a connection through Newark leaving 6:40 a.m. and arriving 10:18 a.m. for $221, and a connection through Philade... | user: The Newark one is cheaper, but that connection makes me nervous. If there is any delay, I could be walking into th...""}]",pass,accept,"accept: The query is in scope for a same-day client meeting with delay sensitivity, the history supports preferring nonstop/low-transfer itineraries, and A is the unique plausible application of that default."
review_tm2_planning_v02_user_0017_habit_leisure_relaxed_pacing_p00_direct_use,taskmaster_planning_v02_probe_33209a334a4f8d31,tm2_planning_v02_user_0017_habit_leisure_relaxed_pacing_p00_direct_use,tm2_planning_v02_user_0017,test,direct_use,planning_defaults,taskmaster_seeded_gpt55_xhigh_sessionwise_multihabit_v02,"I'm choosing an outbound flight and arrival-day plan for a personal three-night Charleston trip next month. I don't have any reservations or events on the day I get there, and the prices are close enough that timing and the first-day plan matter more than a small fare difference. Which option fits me best?","[{""choice_id"": ""A"", ""text"": ""Take the 6:05 a.m. one-stop flight that gets in before noon, drop bags at the hotel, and book a harbor tour plus a carriage tour before dinner.""}, {""choice_id"": ""B"", ""text"": ""Take the earliest nonstop, rent a car right away, and use arrival day for a beach stop, a plantation visit, and a downtown dinner reservation.""}, {""choice_id"": ""C"", ""text"": ""Take an after-work connection that arrives around 11:30 p.m., saving daytime hours at home and starting sightseeing early the next morning.""}, {""choice_id"": ""D"", ""text"": ""Take a midmorning nonstop that arrives early afternoon, then leave the first day for hotel check-in, a short waterfront walk, and an easy dinner nearby.""}]",D,apply_scoped_habit,"[{""session_id"": ""tm2_planning_v02_user_0017_s0002"", ""session_index"": 2, ""signal_type"": ""support"", ""source_domain"": ""flights"", ""messages_preview"": ""user: I'm starting to plan a family trip to Orlando from Sacramento. It's just for fun, probably a long weekend in early May, and I want help sorting out flights. | assistant: Sure. Do you have exact dates in mind, how many travelers, and any airline or timing preferences? | user: Two adults and one 9-year-old. We were thinking Friday May 3 to Monday May 6. No airline loyalty. Since it's a vacation, I don't want a brutal start if we can avoid it. | assistant: Got it. From Sacramento to Orlando, many options connect through Phoenix, Dallas, Denver, or Atlanta. Would you rather prioritize lowest fare, shortest travel time, or a calmer schedule? | user: Calmer schedule, within reason. I know leaving at 5:45 in the morning might save money, but getting a kid out the door before sunrise is not the tone I want f...""}, {""session_id"": ""tm2_planning_v02_user_0017_s0007"", ""session_index"": 7, ""signal_type"": ""support"", ""source_domain"": ""hotels"", ""messages_preview"": ""user: Hi, I'm planning a long weekend in New Orleans for my partner and me, and I need help choosing a hotel. | assistant: Sure, I can help with that. What dates are you considering, what nightly budget feels comfortable, and do you want to be in the middle of nightlife or somewhere a bit calmer? | user: We're thinking Friday to Monday in late March. Budget is around $220 to $280 a night before taxes. This is just for fun, so I don't want the trip to feel like a race. We'd rather arrive at a normal hour, settle in, an... | assistant: That helps. For a first New Orleans weekend, the French Quarter is convenient but can be loud. The Central Business District and Warehouse District are close to restaurants and the Quarter while usually feeling a litt... | user: A quieter base sounds good. I don't mind taking ...""}, {""session_id"": ""tm2_planning_v02_user_0017_s0010"", ""session_index"": 10, ""signal_type"": ""support"", ""source_domain"": ""flights"", ""messages_preview"": ""user: Hi, can you help me plan a round-trip flight for a short vacation? | assistant: Sure. Where are you leaving from, where are you headed, and what dates are you considering? | user: My partner and I are flying from San Jose to Portland for a long weekend. Leave Friday, come back Monday. It’s just a relaxed getaway, no event we have to make. | assistant: Got it. Do you want the lowest fare, the most time in Portland, or something more comfortable in terms of timing? | user: Comfortable timing, please. I don’t want a 6 a.m. flight or anything that makes us start the weekend exhausted. We’d rather arrive at a normal hour and have an easy first evening. | assistant: That helps. For Friday, I’m seeing a nonstop Alaska flight leaving San Jose at 10:35 a.m. and arriving Portland at 12:20 p.m. Another option l...""}, {""session_id"": ""tm2_planning_v02_user_0017_s0011"", ""session_index"": 11, ""signal_type"": ""support"", ""source_domain"": ""hotels"", ""messages_preview"": ""user: I'm planning a low-key long weekend in St. Louis with my sister. We get there this Thursday evening and leave Monday morning. Can you help me narrow down a hotel? | assistant: Sure. What area are you considering, and do you have a nightly budget or must-have amenities? | user: Maybe Central West End or near Forest Park. Budget around $180 a night before fees. Mostly I want it to be comfortable and not make the weekend feel rushed. | assistant: Central West End would work well for a relaxed stay: walkable restaurants, quick access to Forest Park, and not as hectic as staying right by the Arch. Would you prefer a boutique hotel or a larger chain? | user: Boutique is nice, but I care more about an easy check-in Thursday night. We probably won't land until 7:30 or 8, so I don't want anything that needs u...""}]",pass,accept,"accept: The query is an in-scope low-pressure personal trip and choice D uniquely applies the supported relaxed-arrival, lightly planned first-day default without leaking private benchmark terms."
review_tm2_planning_v02_user_0021_habit_red_eye_avoidance_p00_direct_use,taskmaster_planning_v02_probe_1de13246272a77d7,tm2_planning_v02_user_0021_habit_red_eye_avoidance_p00_direct_use,tm2_planning_v02_user_0021,dev,direct_use,planning_defaults,taskmaster_seeded_gpt55_xhigh_sessionwise_multihabit_v02,"I’m booking the outbound leg from Chicago to San Diego for a work event. I need to arrive by 2:00 PM on Tuesday, and all of these options meet that. I don’t have a strong airline preference. Which itinerary should you recommend?","[{""choice_id"": ""A"", ""text"": ""An 11:45 PM Monday nonstop arriving at 2:20 AM Tuesday for $319.""}, {""choice_id"": ""B"", ""text"": ""A 10:05 PM Monday one-stop itinerary arriving at 7:20 AM Tuesday for $288, with a 70-minute connection.""}, {""choice_id"": ""C"", ""text"": ""A 7:30 AM Tuesday nonstop arriving at 10:05 AM Tuesday for $348.""}, {""choice_id"": ""D"", ""text"": ""A 6:10 AM Tuesday one-stop itinerary arriving at 1:35 PM Tuesday for $342, with a 40-minute connection.""}]",C,apply_scoped_habit,"[{""session_id"": ""tm2_planning_v02_user_0021_s0003"", ""session_index"": 3, ""signal_type"": ""support"", ""source_domain"": ""hotels"", ""messages_preview"": ""user: Hi, can you help me plan a New Orleans trip? I started out looking for a hotel, but I probably need flights too. | assistant: Sure. What dates are you considering, where are you flying from, and what kind of hotel area or budget would feel right? | user: Two adults from Seattle, May 16 to May 20. We'd like French Quarter, CBD, or Warehouse District, ideally walkable but not directly on the loudest block. Around $230 a night before taxes would be nice. | assistant: Got it. Do you have flight-time preferences, checked bags, or hotel must-haves like breakfast, parking, pool, or balcony? | user: No car, one checked bag total. Breakfast isn't important. For flights, please don't route us on an overnight unless it is a major win. A red-eye that only saves a little money usually wrecks the first day for me....""}, {""session_id"": ""tm2_planning_v02_user_0021_s0004"", ""session_index"": 4, ""signal_type"": ""support"", ""source_domain"": ""flights"", ""messages_preview"": ""user: Hi, I’m trying to arrange a flight from New York to Seattle for a short work trip. Can you help me compare a few options? | assistant: Of course. What dates are you traveling, and do you prefer JFK, LaGuardia, or Newark? | user: JFK is best. I need to leave on Tuesday, September 17, and come back Friday, September 20. I’ll be in meetings most of Wednesday and Thursday. | assistant: Got it. For JFK to Seattle, I see a few general patterns: morning nonstop flights that arrive around midday, afternoon nonstops that arrive early evening, and some later one-stop or overnight options that can be cheap... | user: No strong airline preference, though Delta or Alaska would be easy. I’m okay paying a bit more for a normal schedule. | assistant: Here are three reasonable outbound styles: a 7:30 AM nonstop arriv...""}, {""session_id"": ""tm2_planning_v02_user_0021_s0024"", ""session_index"": 24, ""signal_type"": ""support"", ""source_domain"": ""flights"", ""messages_preview"": ""user: Can you help me look at round-trip flights from Houston to Seattle? I need to leave this coming Sunday and come back five days later, preferably with departures in the morning both ways. | assistant: Sure. To make sure I search the right airports, are you leaving from Houston Intercontinental, Hobby, or either? And is Seattle-Tacoma okay for arrival? | user: Either Houston airport is fine if the fare makes sense, but IAH is easier. Sea-Tac is the destination. | assistant: Got it. Do you have a preferred airline or any limits on stops? | user: One stop is okay. Nonstop is nice, but I do not need to pay a crazy premium for it. | assistant: I found a few reasonable choices. Option A is a nonstop from IAH around 8:25 AM arriving Seattle late morning, returning Friday at 9:10 AM, about $438. Option B uses...""}, {""session_id"": ""tm2_planning_v02_user_0021_s0028"", ""session_index"": 28, ""signal_type"": ""support"", ""source_domain"": ""flights"", ""messages_preview"": ""user: Hi, can you help me find the cheapest round trip flight from Sacramento, SMF, to Seattle? | assistant: Sure. What dates are you looking at, how many travelers, and do you need checked bags or just a carry-on? | user: One adult, Friday May 16 to Monday May 19. I’ll have a backpack and a carry-on. I can leave any time Friday, but I’d like to use SMF and fly into Seattle-Tacoma. | assistant: I’m seeing a very low fare around $187 round trip, but it connects through Las Vegas and leaves Sacramento at 10:55 pm, arriving in Seattle around 6:05 am Saturday. The return also gets back to SMF after midnight. The... | user: That overnight one sounds rough. A $40-ish savings is not enough for me to arrive at dawn or get home after midnight. Can you focus on flights that don’t turn into a red-eye unless the price...""}]",pass,accept,"accept: The in-scope flight request has optional overnight itineraries, the evidence supports avoiding red-eyes absent a major benefit, and choice C is the uniquely preferable non-red-eye option."
review_tm2_planning_v02_user_0023_habit_early_morning_avoidance_p01_boundary,taskmaster_planning_v02_probe_068cf2d835763cdb,tm2_planning_v02_user_0023_habit_early_morning_avoidance_p01_boundary,tm2_planning_v02_user_0023,test,boundary,planning_defaults,taskmaster_seeded_gpt55_xhigh_sessionwise_multihabit_v02,"A traveler is arranging same-day business travel from Sacramento to Portland for a client kickoff. They need to be checked in at the client office at 9:00 a.m.; the office is about 25 minutes from PDX, and the company would rather not add an overnight hotel if a reliable same-day option exists. Which flight recommendation best fits the situation?","[{""choice_id"": ""A"", ""text"": ""Fly in the previous evening on a 7:55 p.m. nonstop arriving at 9:30 p.m., then stay near the client so the morning is relaxed.""}, {""choice_id"": ""B"", ""text"": ""Take the 6:45 a.m. nonstop arriving at 8:20 a.m.; it costs a bit less and avoids the earliest listed departure.""}, {""choice_id"": ""C"", ""text"": ""Take the 5:50 a.m. nonstop arriving at 7:25 a.m.; it is a dawn start but leaves a solid cushion before the client time without adding a hotel.""}, {""choice_id"": ""D"", ""text"": ""Take the 7:25 a.m. one-stop arriving at 10:10 a.m.; it is the lowest same-day fare and makes the departure morning easier.""}]",C,do_not_apply_out_of_scope,"[{""session_id"": ""tm2_planning_v02_user_0023_s0000"", ""session_index"": 0, ""signal_type"": ""boundary_counterexample"", ""source_domain"": ""flights"", ""messages_preview"": ""user: I need help sorting out flights for two trips from Oakland. One is a casual weekend in Phoenix next month, and the other is a work day in Portland. | assistant: Sure. Let's handle them one at a time. What are the dates for the Phoenix weekend, and how flexible are you on timing? | user: Phoenix is April 12 to April 14, visiting my sister. Totally flexible. For trips like that, I really don't want a dawn departure if I can avoid it. I'd rather pay a bit more or get there later than set a 4:30 alarm. | assistant: For Oakland to Phoenix, I would skip the 6:10 a.m. nonstop even though it is about $38 cheaper. A 10:35 a.m. nonstop gets you in around 12:25 p.m. and keeps the day easy. Coming back Sunday, a 1:40 p.m. return looks r... | user: That sounds like the right style for Phoenix. Put that one aside ...""}, {""session_id"": ""tm2_planning_v02_user_0023_s0018"", ""session_index"": 18, ""signal_type"": ""boundary_counterexample"", ""source_domain"": ""flights"", ""messages_preview"": ""user: Can you help me sort out a few upcoming trips? I’m starting with flights, and I’d rather not make bad choices just because something is a little cheaper. | assistant: Sure. Tell me the first trip: origin, destination, dates, and whether your timing is flexible. | user: First one is a personal weekend in Portland next month. I can leave Friday anytime, but I really don’t want a dawn flight if it only saves twenty or thirty dollars. | assistant: That makes sense. For a flexible weekend, I’d focus on late morning or afternoon departures unless the price difference is substantial. Do you want nonstop only? | user: Nonstop preferred. Last time I took a 5:35 a.m. flight for a casual trip, I was useless the whole first day. | assistant: I’ll avoid those very early options for the Portland weekend and compar...""}]",pass,accept,"accept: The boundary query clearly falls outside the flexible personal-travel scope, the early same-day flight is uniquely justified by the 9:00 a.m. business check-in and no-hotel constraint, and the distractors are plausible."
review_tm2_planning_v02_user_0024_habit_business_travel_arrival_buffer_p00_direct_use,taskmaster_planning_v02_probe_d96c4d2345d81448,tm2_planning_v02_user_0024_habit_business_travel_arrival_buffer_p00_direct_use,tm2_planning_v02_user_0024,test,direct_use,planning_defaults,taskmaster_seeded_gpt55_xhigh_sessionwise_multihabit_v02,I need to travel from Denver to Raleigh for a client onsite meeting that starts at 9:30 a.m. on Tuesday. I'm comparing options with different timing and costs. Which itinerary would you recommend?,"[{""choice_id"": ""A"", ""text"": ""Take the lowest-cost Tuesday morning flight scheduled to land at 8:05 a.m., skip the Monday hotel night, and go straight from RDU to the client site.""}, {""choice_id"": ""B"", ""text"": ""Take the cheapest late-Monday connection scheduled to land at 12:15 a.m. Tuesday, use an airport hotel about 45 minutes from the client site, and save about $190.""}, {""choice_id"": ""C"", ""text"": ""Fly Tuesday morning into Greensboro because the fare is about $150 lower, land at 6:55 a.m., and rent a car for the drive to the Raleigh meeting.""}, {""choice_id"": ""D"", ""text"": ""Fly Monday afternoon, land around 3:00 p.m., and book a hotel within a 10-minute ride of the client's office, even though it costs about $140 more overall.""}]",D,apply_scoped_habit,"[{""session_id"": ""tm2_planning_v02_user_0024_s0002"", ""session_index"": 2, ""signal_type"": ""support"", ""source_domain"": ""flights"", ""messages_preview"": ""user: I need help finding a flight to Houston after my friend's wedding weekend. I also have a client onsite there right after, so the timing matters. | assistant: Sure. What city are you flying from, and what day do you need to arrive in Houston? | user: From Cincinnati. The wedding is Saturday night, so I'd fly Sunday, June 9. I need to be in Houston for a client kickoff Monday at 1:00 pm near downtown. | assistant: Got it. Do you prefer Houston Hobby or Bush Intercontinental, and are you open to connections? | user: Either airport is okay. Hobby is a little nicer for downtown, but I don't want to over-optimize the airport if it makes the schedule risky. One connection is fine. | assistant: Here are a few Sunday options: Delta via Atlanta departing 8:10 am, arriving IAH 12:05 pm for $326; United nonstop ...""}, {""session_id"": ""tm2_planning_v02_user_0024_s0005"", ""session_index"": 5, ""signal_type"": ""support"", ""source_domain"": ""hotels"", ""messages_preview"": ""user: Hi, I need help setting up a hotel in St. Louis, Missouri, for a work trip next month. | assistant: Sure. What dates do you need, and do you want to stay near downtown, the airport, or a specific office? | user: Arriving Tuesday May 14 and leaving Thursday May 16. The client office is near the Convention Center, and I have an onsite kickoff at 3:00 pm on Tuesday. | assistant: Got it. Would you like me to prioritize walking distance to the Convention Center, lower nightly rate, or hotel amenities like breakfast and a fitness center? | user: Walking distance matters, but the bigger thing is not cutting my arrival close. I’ll be flying in that morning from Seattle, and I want enough cushion before the 3:00 meeting to deal with bags, traffic, and getting ch... | assistant: Understood. For hotels, two goo...""}, {""session_id"": ""tm2_planning_v02_user_0024_s0016"", ""session_index"": 16, ""signal_type"": ""support"", ""source_domain"": ""flights"", ""messages_preview"": ""user: I need to get to Paris for a client kickoff next month. Can you help me compare flights? | assistant: Sure. What city are you departing from, what dates, and what time is the kickoff? | user: Leaving from Boston. The meeting is in La Défense on Tuesday the 18th at 3:00 pm. I can fly overnight Monday or very early Tuesday if it actually makes sense. | assistant: Got it. For BOS to Paris, I see a nonstop Monday night arriving Tuesday at 8:35 am into CDG for $1,240, a one-stop via Dublin arriving 11:50 am for $890, and a Tuesday morning departure via JFK arriving 2:05 pm for $7... | user: Arrival timing matters more for this one. I do not want to land at 2:05 and try to make a 3:00 client meeting after immigration and traffic. | assistant: That rules out the Tuesday morning routing. The Dublin connectio...""}, {""session_id"": ""tm2_planning_v02_user_0024_s0028"", ""session_index"": 28, ""signal_type"": ""support"", ""source_domain"": ""flights"", ""messages_preview"": ""user: I need help setting up a round trip from New York to Sacramento for a client onsite. It’s for the week of June 17, and the first client session is Tuesday afternoon. | assistant: Sure. Which New York airport would you prefer to depart from, and what time is the Tuesday session? | user: JFK or LaGuardia are both fine. Newark is possible but not my first choice. The session starts at 1:30 p.m. at their office near downtown Sacramento, so I need to be functional and not rushing in from the airport. | assistant: Understood. Do you want to fly in Tuesday morning, or would Monday evening be acceptable? Also, what day are you returning? | user: Tuesday morning is okay if the arrival is early enough. I’m returning Friday after the wrap-up, which should end around 2:00 p.m. For the outbound, I’d rather not sa...""}]",pass,accept,"accept: The query is in-scope for client onsite travel, the evidence supports prioritizing a protected arrival buffer, and choice D uniquely applies that default over cheaper tighter schedules."
review_tm2_planning_v02_user_0026_habit_uncertain_trip_refundable_fare_p03_explicit_retrieval,taskmaster_planning_v02_probe_26e1dadc4325b1eb,tm2_planning_v02_user_0026_habit_uncertain_trip_refundable_fare_p03_explicit_retrieval,tm2_planning_v02_user_0026,test,explicit_retrieval,planning_defaults,taskmaster_seeded_gpt55_xhigh_sessionwise_multihabit_v02,"Across the user's earlier planning requests, what did they tend to choose for airfare when a work trip was not yet firm because meetings, dates, or approvals could change?","[{""choice_id"": ""A"", ""text"": ""A refundable or flexible economy fare, accepting a higher price over a cheaper nonrefundable or basic fare.""}, {""choice_id"": ""B"", ""text"": ""The lowest nonrefundable fare available, assuming work travel could be adjusted later if needed.""}, {""choice_id"": ""C"", ""text"": ""A nonstop flight at the best time of day, even if the fare had strict change limits.""}, {""choice_id"": ""D"", ""text"": ""Waiting until every approval was finalized before comparing or selecting any flight options.""}]",A,retrieve_supported_preference,"[{""session_id"": ""tm2_planning_v02_user_0026_s0024"", ""session_index"": 24, ""signal_type"": ""support"", ""source_domain"": ""flights"", ""messages_preview"": ""user: Hi, can you help me look at Delta flights to Seattle? This would be for a client meeting, but the schedule is still a little unsettled. | assistant: Of course. What city are you flying from, and what dates should I check first? | user: From Atlanta to Seattle. The team is talking about going out Monday, March 18, and returning Thursday, March 21, but my manager has not fully approved the onsite yet. | assistant: Got it. I’ll look at ATL to SEA on Delta for March 18 to March 21. Do you prefer nonstop flights, certain times of day, or a particular cabin? | user: Nonstop is preferred if it’s reasonable. Main Cabin is fine. I don’t want Basic Economy for this because the agenda could slide by a day. | assistant: I see a few Delta nonstop options. One leaves Atlanta at 8:15 AM and arrives in Seattle aroun...""}, {""session_id"": ""tm2_planning_v02_user_0026_s0026"", ""session_index"": 26, ""signal_type"": ""support"", ""source_domain"": ""flights"", ""messages_preview"": ""user: Hi, I need help choosing a round trip commercial flight for a possible work trip. | assistant: Sure, I can help narrow it down. What cities are you flying between, and what dates are you considering? | user: I’d be going from Boston to Chicago. The client meeting is penciled in for April 15th, so I’d fly out April 14th and come back April 16th, but the calendar invite still says tentative. | assistant: Understood. Which airport works best in Boston, and do you prefer O’Hare or Midway in Chicago? | user: Boston Logan is best. O’Hare is closer to the office, so let’s use that unless Midway is dramatically better. Also, my manager hasn’t formally approved the travel request yet. | assistant: Thanks. Any timing preferences for the outbound and return flights? | user: For the outbound, late morning or ear...""}, {""session_id"": ""tm2_planning_v02_user_0026_s0035"", ""session_index"": 35, ""signal_type"": ""support"", ""source_domain"": ""hotels"", ""messages_preview"": ""user: I may need to be in San Francisco next month for a client workshop near the Embarcadero, but the dates are still a little soft. Can you help me sketch out flights and a hotel? | assistant: Sure. What city are you departing from, and what dates are you considering? | user: Leaving from Denver. The workshop is penciled in for March 12-14, so I’d probably fly in the evening of the 11th and back late on the 14th. The client still has to confirm their leadership team can attend, though. | assistant: I found a few sample flight options. The cheapest is a basic economy round trip for $218, but it is nonrefundable and has limited changes. A regular economy fare is $286 with a change credit, and a fully refundable fa... | user: Since the meeting may slide, don’t put me in the basic fare. I’d rather have the r...""}]",pass,accept,"accept: The explicit retrieval query matches the supported tentative work-trip condition, choice A uniquely states the flexible/refundable fare default, and the distractors are plausible without private-term leakage."
review_tm2_planning_v02_user_0027_habit_work_hotel_near_venue_p01_boundary,taskmaster_planning_v02_probe_1b8bbb7f3f718e19,tm2_planning_v02_user_0027_habit_work_hotel_near_venue_p01_boundary,tm2_planning_v02_user_0027,test,boundary,planning_defaults,taskmaster_seeded_gpt55_xhigh_sessionwise_multihabit_v02,"A traveler is choosing a hotel for a leisure long weekend in New York City with two adults. They want the trip to feel like a real city weekend, with good restaurants and bars nearby, easy access to sightseeing, and no complicated daily commute. Their budget can stretch modestly for the right location. Which recommendation best fits?","[{""choice_id"": ""A"", ""text"": ""A boutique hotel around the West Village, SoHo, or Chelsea, with strong nearby dining and nightlife plus multiple subway options to major sights, accepting a slightly higher nightly rate for the better neighborhood experience.""}, {""choice_id"": ""B"", ""text"": ""A polished hotel in the Midtown East or Grand Central business district, close to many conference and office buildings and very convenient for transit, accepting a more corporate area with less evening character.""}, {""choice_id"": ""C"", ""text"": ""A lower-priced hotel in Long Island City or near Queensboro Plaza, using the subway into Manhattan each day to keep the nightly rate comfortably under budget.""}, {""choice_id"": ""D"", ""text"": ""A large Times Square hotel that makes Broadway and tour pickups simple, accepting crowds and a less distinctive neighborhood in exchange for maximum tourist convenience.""}]",A,do_not_apply_out_of_scope,"[{""session_id"": ""tm2_planning_v02_user_0027_s0011"", ""session_index"": 11, ""signal_type"": ""boundary_counterexample"", ""source_domain"": ""hotels"", ""messages_preview"": ""user: I'm planning a New York City stay in October for a long weekend and could use help choosing a hotel. | assistant: Sure. What are your dates, how many people are traveling, and is this more of a sightseeing trip or tied to anything scheduled? | user: October 10 to 14, two adults. It's an anniversary trip, not work, and we're not tied to any conference hall or office. My partner hasn't really spent time in New York, so I want it to feel like a real city weekend: ca... | assistant: That helps. Do you have a nightly budget before taxes? Also, any preferences around room size, noise, transit, or neighborhoods you already like or want to avoid? | user: I'd like to stay around $320 before taxes, but I can stretch to about $370 if the area is noticeably better. Queen bed is fine. Quiet matters, elevator matt...""}, {""session_id"": ""tm2_planning_v02_user_0027_s0013"", ""session_index"": 13, ""signal_type"": ""boundary_counterexample"", ""source_domain"": ""hotels"", ""messages_preview"": ""user: Hello, could you help me find a hotel in San Francisco for a long weekend? | assistant: Absolutely. What dates are you looking at, how many guests, and is this more of a work stay or a leisure trip? | user: Two adults, May 16 through May 19. It is purely for fun. My partner has never been to San Francisco, so I want it to feel like a proper city weekend, not just a place to sleep. | assistant: Great. Do you have a nightly budget and any neighborhoods you already like or want to avoid? | user: Ideally under $300 before taxes. I would rather pay a little more for a neighborhood with character, cafes, walkable streets, and easy access to sightseeing. I am not excited about staying in a business-heavy part of ... | assistant: That points me toward Japantown/Fillmore, North Beach, or possibly the edge of ...""}]",pass,accept,"accept: The boundary query is clearly leisure-focused, the gold choice uniquely avoids applying the work-venue proximity default and matches the supported neighborhood-character preference."
review_tm2_planning_v02_user_0027_habit_work_hotel_near_venue_p03_explicit_retrieval,taskmaster_planning_v02_probe_c04686d4c37d310c,tm2_planning_v02_user_0027_habit_work_hotel_near_venue_p03_explicit_retrieval,tm2_planning_v02_user_0027,test,explicit_retrieval,planning_defaults,taskmaster_seeded_gpt55_xhigh_sessionwise_multihabit_v02,"Looking across this user's previous work-trip hotel decisions, which lodging tradeoff should you expect them to prefer for a conference, client visit, or onsite meeting?","[{""choice_id"": ""A"", ""text"": ""Take a somewhat cheaper hotel across town if transit or rideshare options are available in the morning.""}, {""choice_id"": ""B"", ""text"": ""Stay near the airport to simplify arrival and departure, even if the meetings are in another part of the city.""}, {""choice_id"": ""C"", ""text"": ""Pay a reasonable premium for a hotel within an easy walk or a few blocks of the meeting location rather than saving money with a longer commute.""}, {""choice_id"": ""D"", ""text"": ""Pick a hotel in a livelier dining or sightseeing area when the most interesting neighborhood is away from the meeting site.""}]",C,retrieve_supported_preference,"[{""session_id"": ""tm2_planning_v02_user_0027_s0002"", ""session_index"": 2, ""signal_type"": ""support"", ""source_domain"": ""flights"", ""messages_preview"": ""user: I need help arranging a quick work trip to Dallas next month. Cheapest flights are fine, but I need onboard Wi-Fi or at least a usable hotspot connection because I'll be finishing slides. | assistant: Sure. What are your travel dates, departure airport, and any timing constraints? | user: One traveler, SFO to DFW. Leave Tuesday May 14, come back Thursday May 16. I need to be at a client workshop by 10:30 a.m. Wednesday, so arriving Tuesday evening is okay. | assistant: I found a few reasonable nonstop options. The lowest fare is a late Tuesday flight arriving 11:20 p.m. with Wi-Fi listed. There is also a 4:10 p.m. departure arriving 9:35 p.m., about $42 more, also with Wi-Fi. For th... | user: Let's take the 4:10 p.m. outbound. I don't want to land close to midnight before a client day. The 7:15 p.m....""}, {""session_id"": ""tm2_planning_v02_user_0027_s0003"", ""session_index"": 3, ""signal_type"": ""support"", ""source_domain"": ""hotels"", ""messages_preview"": ""user: I need help booking a hotel in San Francisco for a work trip next month. | assistant: Sure. What dates are you traveling, and where will your meetings be? | user: Checking in Tuesday, May 14 and checking out Friday, May 17. The meetings are at Moscone West, and I'll have 8:00 a.m. sessions each day. | assistant: Got it. Do you have a target nightly rate, preferred hotel class, or loyalty program? | user: Company pays, but I should keep it reasonable. I'd rather not save thirty dollars if it means a long ride before the first session. | assistant: That makes sense. I found a few options: Hotel Zelos about a 7-minute walk from Moscone West at around $289, San Francisco Marriott Marquis about 5 minutes away at around $335, and a boutique hotel near Fisherman's Wh... | user: Skip Fisherman's Wharf for th...""}, {""session_id"": ""tm2_planning_v02_user_0027_s0017"", ""session_index"": 17, ""signal_type"": ""support"", ""source_domain"": ""hotels"", ""messages_preview"": ""user: I need help picking a hotel in Chicago for a short work trip next month. | assistant: Sure. What dates are you traveling, and where will you need to be for work? | user: Two nights, September 9th to 11th. The client meetings are at 500 West Madison in the West Loop, starting at 8:00 each morning. | assistant: Got it. Is there a nightly budget, and do you care more about amenities, neighborhood, or commute time? | user: It is reimbursed, so I don't need the cheapest place. I want something clean and quiet, but the main thing is being close to the client office. I hate adding a ride share before an early meeting. | assistant: I found a few reasonable choices: The Allegro Royal Sonesta is about a 12-minute walk and around $269; Hyatt Place Chicago/River North is about $215 but more like a 25-minute tran...""}, {""session_id"": ""tm2_planning_v02_user_0027_s0022"", ""session_index"": 22, ""signal_type"": ""support"", ""source_domain"": ""flights"", ""messages_preview"": ""user: Hi, I need to put together a last-minute work trip. I’m flying from Los Angeles to New York tonight, June 13, and coming back June 17. I also need a hotel because I’ll be at a client office near Hudson Yards and one m... | assistant: I can help with both. Do you prefer LAX, and are you open to JFK, Newark, or LaGuardia? Also, for the hotel, do you have a nightly budget or a preferred walking distance from Hudson Yards/Javits? | user: LAX is easiest. Any New York airport is fine if the schedule works. For the hotel, I’d rather be close to the client site than save a little and commute in. These meetings start early. | assistant: Understood. Here are some flight options for tonight: Delta LAX to JFK, 3:10 PM to 11:35 PM, $548; United LAX to Newark, 5:25 PM to 1:40 AM, $476; JetBlue red-eye LAX to JFK, ...""}]",pass,accept,"accept: The query is a supported explicit retrieval of the scoped work-hotel default, with a unique gold choice matching the hidden graph and plausible distractors."
review_tm2_planning_v02_user_0028_habit_quiet_hotel_for_work_p00_direct_use,taskmaster_planning_v02_probe_009a1a9aded16857,tm2_planning_v02_user_0028_habit_quiet_hotel_for_work_p00_direct_use,tm2_planning_v02_user_0028,test,direct_use,planning_defaults,taskmaster_seeded_gpt55_xhigh_sessionwise_multihabit_v02,"I'm booking a two-night trip to Chicago for a client workshop, with prep calls and slide edits between sessions. The options are all within budget. Which hotel should I choose?","[{""choice_id"": ""A"", ""text"": ""The official workshop hotel downtown, with the shortest commute, a gym, and several restaurants, but an active lobby bar and multiple reviews mentioning noise during events.""}, {""choice_id"": ""B"", ""text"": ""A smaller business-oriented hotel about a 10-minute walk from the workshop, with strong Wi-Fi reviews, a proper desk, and quieter rooms away from the bar and elevators.""}, {""choice_id"": ""C"", ""text"": ""A lower-priced airport hotel with free breakfast and shuttle service, but a 40-minute commute to the workshop and only a basic in-room work setup.""}, {""choice_id"": ""D"", ""text"": ""A stylish hotel in a nightlife-heavy area with a rooftop lounge and popular restaurant, compact rooms, and a roughly 15-minute rideshare to the workshop.""}]",B,apply_scoped_habit,"[{""session_id"": ""tm2_planning_v02_user_0028_s0033"", ""session_index"": 33, ""signal_type"": ""support"", ""source_domain"": ""hotels"", ""messages_preview"": ""user: I need to book a hotel in Palm Springs for a short work trip. Can you help me compare a few options? | assistant: Sure. What dates, how many travelers, and do you need to be near a specific part of Palm Springs? | user: May 12 through May 15, just me. Most of my meetings are near the Palm Springs Convention Center, but I will also have video calls in the mornings, so the room setup matters. | assistant: Got it. Do you have a nightly budget, and are you looking for anything specific like a pool, resort amenities, parking, or breakfast? | user: I'd like to stay under about $260 before taxes. Parking is useful, breakfast is nice, but I would trade both for a quiet room, strong Wi-Fi, and a real desk. This is not a fun pool weekend. | assistant: Here are a few reasonable matches: a convention-center hote...""}, {""session_id"": ""tm2_planning_v02_user_0028_s0035"", ""session_index"": 35, ""signal_type"": ""support"", ""source_domain"": ""hotels"", ""messages_preview"": ""user: I'm going to West Palm Beach next month and need a hotel for three nights. It's for a client review, so I want to be practical rather than vacation-y. | assistant: Sure. What dates, approximate budget, and where in West Palm Beach do you need to be close to? | user: March 12 through 15. The meetings are near CityPlace and the convention center area, but I'll also have two early video calls from the room. Budget is ideally under $260 a night before taxes. | assistant: Got it. Do you want to be right downtown for easy walking, or would a slightly quieter location with a short rideshare be better? | user: For this trip, quieter matters more. I can take a five or ten minute ride if it means the room has a real desk, decent Wi-Fi, and isn't over a rooftop bar or loud restaurant. | assistant: That helps. A...""}]",pass,accept,"accept: The query is in scope for business travel with focused work needs, the evidence supports the quiet-workspace hotel default, and B is the unique plausible application."
review_tm2_planning_v02_user_0028_habit_quiet_hotel_for_work_p03_explicit_retrieval,taskmaster_planning_v02_probe_2976d535c131f020,tm2_planning_v02_user_0028_habit_quiet_hotel_for_work_p03_explicit_retrieval,tm2_planning_v02_user_0028,test,explicit_retrieval,planning_defaults,taskmaster_seeded_gpt55_xhigh_sessionwise_multihabit_v02,"When looking back at the user's work-trip hotel searches, which lodging tradeoff have they chosen more than once?","[{""choice_id"": ""A"", ""text"": ""Stay in the liveliest restaurant-and-bar district to maximize evening options, even if the room may be louder.""}, {""choice_id"": ""B"", ""text"": ""Pick a resort-style property with the best pool, spa, and leisure amenities, even if the room setup is less practical for work.""}, {""choice_id"": ""C"", ""text"": ""Choose a quieter, business-oriented hotel with strong Wi-Fi and a real desk, even if it has fewer social or resort-style features.""}, {""choice_id"": ""D"", ""text"": ""Take the lowest nightly rate available, even if noise, internet reliability, and desk space are uncertain.""}]",C,retrieve_supported_preference,"[{""session_id"": ""tm2_planning_v02_user_0028_s0033"", ""session_index"": 33, ""signal_type"": ""support"", ""source_domain"": ""hotels"", ""messages_preview"": ""user: I need to book a hotel in Palm Springs for a short work trip. Can you help me compare a few options? | assistant: Sure. What dates, how many travelers, and do you need to be near a specific part of Palm Springs? | user: May 12 through May 15, just me. Most of my meetings are near the Palm Springs Convention Center, but I will also have video calls in the mornings, so the room setup matters. | assistant: Got it. Do you have a nightly budget, and are you looking for anything specific like a pool, resort amenities, parking, or breakfast? | user: I'd like to stay under about $260 before taxes. Parking is useful, breakfast is nice, but I would trade both for a quiet room, strong Wi-Fi, and a real desk. This is not a fun pool weekend. | assistant: Here are a few reasonable matches: a convention-center hote...""}, {""session_id"": ""tm2_planning_v02_user_0028_s0035"", ""session_index"": 35, ""signal_type"": ""support"", ""source_domain"": ""hotels"", ""messages_preview"": ""user: I'm going to West Palm Beach next month and need a hotel for three nights. It's for a client review, so I want to be practical rather than vacation-y. | assistant: Sure. What dates, approximate budget, and where in West Palm Beach do you need to be close to? | user: March 12 through 15. The meetings are near CityPlace and the convention center area, but I'll also have two early video calls from the room. Budget is ideally under $260 a night before taxes. | assistant: Got it. Do you want to be right downtown for easy walking, or would a slightly quieter location with a short rideshare be better? | user: For this trip, quieter matters more. I can take a five or ten minute ride if it means the room has a real desk, decent Wi-Fi, and isn't over a rooftop bar or loud restaurant. | assistant: That helps. A...""}]",pass,accept,"accept: The explicit retrieval query is supported by multiple work-trip hotel sessions, the scoped preference matches the hidden graph, and choice C is the unique plausible answer."
review_tm2_planning_v02_user_0029_habit_leisure_relaxed_pacing_p01_boundary,taskmaster_planning_v02_probe_087c00372f3b8a74,tm2_planning_v02_user_0029_habit_leisure_relaxed_pacing_p01_boundary,tm2_planning_v02_user_0029,stress,boundary,planning_defaults,taskmaster_seeded_gpt55_xhigh_sessionwise_multihabit_v02,"You are comparing workable itinerary options for a San Diego client-workshop trip. The traveler has a prep dinner Sunday at 7:00 PM, workshop sessions Monday 9:00 AM-5:00 PM, and a debrief Tuesday 8:30-10:00 AM. Which approach should you recommend?","[{""choice_id"": ""A"", ""text"": ""Use a work-centered plan: take a Sunday midday nonstop that lands by midafternoon, book a hotel near the workshop area, and schedule the return after the Tuesday debrief with normal airport buffer.""}, {""choice_id"": ""B"", ""text"": ""Arrive Saturday late afternoon and keep Sunday mostly open to settle in slowly before the prep dinner, even though it adds an extra hotel night before the work commitments begin.""}, {""choice_id"": ""C"", ""text"": ""Take a shorter-trip option that lands around 5:10 PM Sunday and stay near the dinner venue, accepting a tighter margin before the 7:00 PM prep dinner.""}, {""choice_id"": ""D"", ""text"": ""Take a Sunday midday arrival but choose a downtown or waterfront hotel for better evening options, then use rideshares to reach the workshop sessions in Mission Valley.""}]",A,do_not_apply_out_of_scope,"[{""session_id"": ""tm2_planning_v02_user_0029_s0004"", ""session_index"": 4, ""signal_type"": ""boundary_counterexample"", ""source_domain"": ""flights"", ""messages_preview"": ""user: I need to get to San Diego for a client workshop, not a vacation. Can you help me sort out flights and where I should stay? | assistant: Sure. Which city are you flying from, what dates, and where in San Diego is the workshop? San Diego International is usually the practical airport for downtown and Mission Valley, while the smaller North County airpor... | user: Flying from Seattle. I need to be at a training center in Mission Valley by 8:15 a.m. Tuesday, April 16. The workshop runs Tuesday through Thursday, and Thursday has a client wrap-up that ends at 5:30 p.m. | assistant: Given the 8:15 a.m. Tuesday commitment, I would not plan a same-day arrival. For Mission Valley, use San Diego International and stay near the training center. Do you need to work in Seattle most of Monday, or can you... | use...""}, {""session_id"": ""tm2_planning_v02_user_0029_s0024"", ""session_index"": 24, ""signal_type"": ""boundary_counterexample"", ""source_domain"": ""flights"", ""messages_preview"": ""user: I need help finding a flight to London, England. | assistant: Sure. What city are you leaving from, and what dates are you considering? | user: From Austin. It is for work, not vacation. I need to be in London for a client kickoff Monday at 9:00, and there is a prep dinner Sunday at 7:30 near Bloomsbury. | assistant: Got it. So arrival on Sunday with enough margin before dinner is important. When can you leave Austin, and when do you want to return? | user: I can leave Saturday anytime after 10 a.m. Return Thursday after 5 p.m. London time. Economy is fine, company cap is about $1600, and I will check one bag. | assistant: Do you prefer fewer stops, or is one connection okay if the timing is better? | user: One connection is okay, but I do not want a 45-minute connection with a checked bag. I need to...""}]",pass,accept,"accept: The query is clearly outside the leisure/low-pressure scope due to fixed work commitments, and choice A uniquely avoids applying the relaxed-pacing default while remaining a plausible work-trip plan."
