probe_id,probe_type,gold_choice_id,gold_word_count,mean_distractor_word_count,gold_minus_distractor_mean,longest_choice_ids,shortest_choice_ids,longest_baseline_credit,shortest_baseline_credit
mdgo_v05_probe_000000,long_gap_direct,A,45,46,-1,C,"B,D",0.0,0.0
mdgo_v05_probe_000001,implicit_direct,B,41,39.333,1.667,"A,B",D,0.5,0.0
mdgo_v05_probe_000002,boundary_near_miss,C,51,44.333,6.667,C,A,1.0,0.0
mdgo_v05_probe_000003,boundary_plus_active,D,80,74.667,5.333,D,B,1.0,0.0
mdgo_v05_probe_000004,exception_nested,A,58,46.667,11.333,A,B,1.0,0.0
mdgo_v05_probe_000005,exception_plus_active,B,67,67.333,-0.333,C,D,0.0,0.0
mdgo_v05_probe_000006,composition_pair,C,65,65.667,-0.667,B,A,0.0,0.0
mdgo_v05_probe_000007,composition_pair_2,D,70,77,-7,B,"A,D",0.0,0.5
mdgo_v05_probe_000008,composition_triple,A,89,92.333,-3.333,C,"A,B",0.0,0.5
mdgo_v05_probe_000009,priority_pair,B,66,74,-8,A,B,0.0,1.0
mdgo_v05_probe_000010,priority_triple,C,102,104.667,-2.667,B,D,0.0,0.0
mdgo_v05_probe_000011,drift_recent_override,D,35,42.333,-7.333,B,D,0.0,1.0
mdgo_v05_probe_000012,drift_composition,A,70,78,-8,B,A,0.0,1.0
mdgo_v05_probe_000013,drift_exception,B,39,44.333,-5.333,C,B,0.0,1.0
mdgo_v05_probe_000014,false_personalization,C,53,56.333,-3.333,B,A,0.0,0.0
mdgo_v05_probe_000015,insufficient_evidence,D,59,59,0,B,C,0.0,0.0
mdgo_v05_probe_000016,temporal_scope,A,72,73,-1,B,D,0.0,0.0
mdgo_v05_probe_000017,explicit_retrieval,B,84,67,17,B,"A,D",1.0,0.0
mdgo_v05_probe_000018,long_gap_direct,C,39,39.333,-0.333,A,"B,D",0.0,0.0
mdgo_v05_probe_000019,implicit_direct,D,55,45.667,9.333,D,C,1.0,0.0
mdgo_v05_probe_000020,boundary_near_miss,A,44,42.667,1.333,"A,D","B,C",0.5,0.0
mdgo_v05_probe_000021,boundary_plus_active,B,72,76.667,-4.667,A,B,0.0,1.0
mdgo_v05_probe_000022,exception_nested,C,43,43.333,-0.333,A,"B,C,D",0.0,0.3333
mdgo_v05_probe_000023,exception_plus_active,D,69,76,-7,A,D,0.0,1.0
mdgo_v05_probe_000024,composition_pair,A,71,68.333,2.667,"A,C",B,0.5,0.0
mdgo_v05_probe_000025,composition_pair_2,B,59,63.333,-4.333,D,B,0.0,1.0
mdgo_v05_probe_000026,composition_triple,C,91,88,3,"C,D",B,0.5,0.0
mdgo_v05_probe_000027,priority_pair,D,64,65,-1,B,C,0.0,0.0
mdgo_v05_probe_000028,priority_triple,A,87,91.667,-4.667,C,B,0.0,0.0
mdgo_v05_probe_000029,drift_recent_override,B,40,49.667,-9.667,C,B,0.0,1.0
mdgo_v05_probe_000030,drift_composition,C,63,71,-8,A,"C,D",0.0,0.5
mdgo_v05_probe_000031,drift_exception,D,57,39.333,17.667,D,A,1.0,0.0
mdgo_v05_probe_000032,false_personalization,A,53,55.667,-2.667,B,C,0.0,0.0
mdgo_v05_probe_000033,insufficient_evidence,B,53,55,-2,A,B,0.0,1.0
mdgo_v05_probe_000034,temporal_scope,C,64,75,-11,A,C,0.0,1.0
mdgo_v05_probe_000035,explicit_retrieval,D,63,63,0,B,"A,C",0.0,0.0
mdgo_v05_probe_000036,long_gap_direct,A,56,42.667,13.333,A,D,1.0,0.0
mdgo_v05_probe_000037,implicit_direct,B,44,43.667,0.333,C,D,0.0,0.0
mdgo_v05_probe_000038,boundary_near_miss,C,39,41.333,-2.333,B,"A,C,D",0.0,0.3333
mdgo_v05_probe_000039,boundary_plus_active,D,63,63,0,C,"A,B",0.0,0.0
mdgo_v05_probe_000040,exception_nested,A,41,44.667,-3.667,C,D,0.0,0.0
mdgo_v05_probe_000041,exception_plus_active,B,77,72.333,4.667,A,D,0.0,0.0
mdgo_v05_probe_000042,composition_pair,C,71,75.667,-4.667,"A,B","C,D",0.0,0.5
mdgo_v05_probe_000043,composition_pair_2,D,75,73.667,1.333,C,A,0.0,0.0
mdgo_v05_probe_000044,composition_triple,A,84,85.333,-1.333,B,C,0.0,0.0
mdgo_v05_probe_000045,priority_pair,B,68,67.667,0.333,C,D,0.0,0.0
mdgo_v05_probe_000046,priority_triple,C,89,88.667,0.333,B,A,0.0,0.0
mdgo_v05_probe_000047,drift_recent_override,D,44,42.667,1.333,B,A,0.0,0.0
mdgo_v05_probe_000048,drift_composition,A,65,69.333,-4.333,D,B,0.0,0.0
mdgo_v05_probe_000049,drift_exception,B,46,47.667,-1.667,D,A,0.0,0.0
mdgo_v05_probe_000050,false_personalization,C,52,56,-4,B,C,0.0,1.0
mdgo_v05_probe_000051,insufficient_evidence,D,59,60.667,-1.667,B,A,0.0,0.0
mdgo_v05_probe_000052,temporal_scope,A,72,66.333,5.667,C,B,0.0,0.0
mdgo_v05_probe_000053,explicit_retrieval,B,67,74,-7,A,B,0.0,1.0
mdgo_v05_probe_000054,long_gap_direct,C,41,43,-2,D,B,0.0,0.0
mdgo_v05_probe_000055,implicit_direct,D,43,51,-8,A,D,0.0,1.0
mdgo_v05_probe_000056,boundary_near_miss,A,46,50.667,-4.667,"B,D",A,0.0,1.0
mdgo_v05_probe_000057,boundary_plus_active,B,70,66.667,3.333,A,C,0.0,0.0
mdgo_v05_probe_000058,exception_nested,C,42,49,-7,B,C,0.0,1.0
mdgo_v05_probe_000059,exception_plus_active,D,71,70,1,D,"A,B,C",1.0,0.0
mdgo_v05_probe_000060,composition_pair,A,79,74,5,A,C,1.0,0.0
mdgo_v05_probe_000061,composition_pair_2,B,66,67.333,-1.333,C,B,0.0,1.0
mdgo_v05_probe_000062,composition_triple,C,93,96.333,-3.333,A,D,0.0,0.0
mdgo_v05_probe_000063,priority_pair,D,72,80,-8,C,D,0.0,1.0
mdgo_v05_probe_000064,priority_triple,A,94,96.667,-2.667,D,B,0.0,0.0
mdgo_v05_probe_000065,drift_recent_override,B,41,41,0,D,A,0.0,0.0
mdgo_v05_probe_000066,drift_composition,C,66,75,-9,B,C,0.0,1.0
mdgo_v05_probe_000067,drift_exception,D,45,41,4,D,"A,B",1.0,0.0
mdgo_v05_probe_000068,false_personalization,A,50,55.667,-5.667,D,A,0.0,1.0
mdgo_v05_probe_000069,insufficient_evidence,B,56,55.333,0.667,D,C,0.0,0.0
mdgo_v05_probe_000070,temporal_scope,C,71,79.333,-8.333,D,C,0.0,1.0
mdgo_v05_probe_000071,explicit_retrieval,D,78,72.667,5.333,D,B,1.0,0.0
mdgo_v05_probe_000072,long_gap_direct,A,38,39,-1,C,"B,D",0.0,0.0
mdgo_v05_probe_000073,implicit_direct,B,52,46,6,C,A,0.0,0.0
mdgo_v05_probe_000074,boundary_near_miss,C,58,51,7,C,B,1.0,0.0
mdgo_v05_probe_000075,boundary_plus_active,D,67,64.667,2.333,"A,D",B,0.5,0.0
mdgo_v05_probe_000076,exception_nested,A,57,47.667,9.333,A,D,1.0,0.0
mdgo_v05_probe_000077,exception_plus_active,B,69,73,-4,D,A,0.0,0.0
mdgo_v05_probe_000078,composition_pair,C,66,70.333,-4.333,B,C,0.0,1.0
mdgo_v05_probe_000079,composition_pair_2,D,80,73.667,6.333,D,C,1.0,0.0
mdgo_v05_probe_000080,composition_triple,A,89,90,-1,"B,C,D",A,0.0,1.0
mdgo_v05_probe_000081,priority_pair,B,83,67.333,15.667,B,A,1.0,0.0
mdgo_v05_probe_000082,priority_triple,C,102,91.333,10.667,C,A,1.0,0.0
mdgo_v05_probe_000083,drift_recent_override,D,53,44,9,D,B,1.0,0.0
mdgo_v05_probe_000084,drift_composition,A,65,62.667,2.333,A,B,1.0,0.0
mdgo_v05_probe_000085,drift_exception,B,44,42.667,1.333,"B,D",C,0.5,0.0
mdgo_v05_probe_000086,false_personalization,C,50,57,-7,A,C,0.0,1.0
mdgo_v05_probe_000087,insufficient_evidence,D,56,57.667,-1.667,B,"A,C",0.0,0.0
mdgo_v05_probe_000088,temporal_scope,A,65,65.667,-0.667,"C,D","A,B",0.0,0.5
mdgo_v05_probe_000089,explicit_retrieval,B,76,73,3,A,C,0.0,0.0
mdgo_v05_probe_000090,long_gap_direct,C,39,41,-2,B,D,0.0,0.0
mdgo_v05_probe_000091,implicit_direct,D,45,48.333,-3.333,C,B,0.0,0.0
mdgo_v05_probe_000092,boundary_near_miss,A,49,40.667,8.333,A,B,1.0,0.0
mdgo_v05_probe_000093,boundary_plus_active,B,71,74.667,-3.667,D,C,0.0,0.0
mdgo_v05_probe_000094,exception_nested,C,51,42.333,8.667,C,D,1.0,0.0
mdgo_v05_probe_000095,exception_plus_active,D,66,73.667,-7.667,B,D,0.0,1.0
mdgo_v05_probe_000096,composition_pair,A,69,70.667,-1.667,B,D,0.0,0.0
mdgo_v05_probe_000097,composition_pair_2,B,68,74,-6,C,A,0.0,0.0
mdgo_v05_probe_000098,composition_triple,C,96,96.667,-0.667,A,"B,D",0.0,0.0
mdgo_v05_probe_000099,priority_pair,D,72,74.667,-2.667,A,C,0.0,0.0
mdgo_v05_probe_000100,priority_triple,A,101,105.333,-4.333,D,"A,C",0.0,0.5
mdgo_v05_probe_000101,drift_recent_override,B,40,45,-5,D,B,0.0,1.0
mdgo_v05_probe_000102,drift_composition,C,68,75.667,-7.667,B,C,0.0,1.0
mdgo_v05_probe_000103,drift_exception,D,38,40.333,-2.333,C,D,0.0,1.0
mdgo_v05_probe_000104,false_personalization,A,52,56,-4,B,"A,D",0.0,0.5
mdgo_v05_probe_000105,insufficient_evidence,B,66,58.667,7.333,C,D,0.0,0.0
mdgo_v05_probe_000106,temporal_scope,C,77,68.333,8.667,C,B,1.0,0.0
mdgo_v05_probe_000107,explicit_retrieval,D,70,76.333,-6.333,B,D,0.0,1.0
mdgo_v05_probe_000108,long_gap_direct,A,42,38.333,3.667,A,B,1.0,0.0
mdgo_v05_probe_000109,implicit_direct,B,44,42,2,B,A,1.0,0.0
mdgo_v05_probe_000110,boundary_near_miss,C,39,47.333,-8.333,B,C,0.0,1.0
mdgo_v05_probe_000111,boundary_plus_active,D,75,72.333,2.667,A,B,0.0,0.0
mdgo_v05_probe_000112,exception_nested,A,51,40.667,10.333,A,D,1.0,0.0
mdgo_v05_probe_000113,exception_plus_active,B,67,68.333,-1.333,A,D,0.0,0.0
mdgo_v05_probe_000114,composition_pair,C,68,71.667,-3.667,B,"A,C,D",0.0,0.3333
mdgo_v05_probe_000115,composition_pair_2,D,76,70.333,5.667,D,B,1.0,0.0
mdgo_v05_probe_000116,composition_triple,A,89,89.667,-0.667,"B,D","A,C",0.0,0.5
mdgo_v05_probe_000117,priority_pair,B,69,77,-8,C,D,0.0,0.0
mdgo_v05_probe_000118,priority_triple,C,96,98,-2,A,"B,D",0.0,0.0
mdgo_v05_probe_000119,drift_recent_override,D,58,43.333,14.667,D,A,1.0,0.0
mdgo_v05_probe_000120,drift_composition,A,70,70.667,-0.667,D,C,0.0,0.0
mdgo_v05_probe_000121,drift_exception,B,42,42,0,D,"A,C",0.0,0.0
mdgo_v05_probe_000122,false_personalization,C,53,56,-3,D,A,0.0,0.0
mdgo_v05_probe_000123,insufficient_evidence,D,56,60.333,-4.333,A,B,0.0,0.0
mdgo_v05_probe_000124,temporal_scope,A,76,77,-1,C,"B,D",0.0,0.0
mdgo_v05_probe_000125,explicit_retrieval,B,66,69,-3,C,"A,B",0.0,0.5
mdgo_v05_probe_000126,long_gap_direct,C,43,53,-10,B,C,0.0,1.0
mdgo_v05_probe_000127,implicit_direct,D,43,47.333,-4.333,B,C,0.0,0.0
mdgo_v05_probe_000128,boundary_near_miss,A,42,40.333,1.667,"A,B",C,0.5,0.0
mdgo_v05_probe_000129,boundary_plus_active,B,65,72.333,-7.333,C,B,0.0,1.0
mdgo_v05_probe_000130,exception_nested,C,36,41.333,-5.333,"A,D",C,0.0,1.0
mdgo_v05_probe_000131,exception_plus_active,D,64,72.667,-8.667,B,D,0.0,1.0
mdgo_v05_probe_000132,composition_pair,A,72,74,-2,D,C,0.0,0.0
mdgo_v05_probe_000133,composition_pair_2,B,64,72,-8,C,B,0.0,1.0
mdgo_v05_probe_000134,composition_triple,C,91,95.667,-4.667,B,A,0.0,0.0
mdgo_v05_probe_000135,priority_pair,D,65,68.333,-3.333,C,D,0.0,1.0
mdgo_v05_probe_000136,priority_triple,A,100,98.667,1.333,B,C,0.0,0.0
mdgo_v05_probe_000137,drift_recent_override,B,42,40.667,1.333,"A,B","C,D",0.5,0.0
mdgo_v05_probe_000138,drift_composition,C,71,69.667,1.333,C,B,1.0,0.0
mdgo_v05_probe_000139,drift_exception,D,53,41,12,D,C,1.0,0.0
mdgo_v05_probe_000140,false_personalization,A,53,60.667,-7.667,D,A,0.0,1.0
mdgo_v05_probe_000141,insufficient_evidence,B,55,56,-1,"A,D",C,0.0,0.0
mdgo_v05_probe_000142,temporal_scope,C,68,65.333,2.667,C,D,1.0,0.0
mdgo_v05_probe_000143,explicit_retrieval,D,65,62.667,2.333,"C,D",A,0.5,0.0
mdgo_v05_probe_000144,long_gap_direct,A,44,50.667,-6.667,B,D,0.0,0.0
mdgo_v05_probe_000145,implicit_direct,B,61,44,17,B,D,1.0,0.0
mdgo_v05_probe_000146,boundary_near_miss,C,44,48.667,-4.667,D,A,0.0,0.0
mdgo_v05_probe_000147,boundary_plus_active,D,74,72.667,1.333,B,A,0.0,0.0
mdgo_v05_probe_000148,exception_nested,A,46,52,-6,"B,C",D,0.0,0.0
mdgo_v05_probe_000149,exception_plus_active,B,76,65,11,B,D,1.0,0.0
mdgo_v05_probe_000150,composition_pair,C,77,69.333,7.667,D,B,0.0,0.0
mdgo_v05_probe_000151,composition_pair_2,D,67,65,2,B,C,0.0,0.0
mdgo_v05_probe_000152,composition_triple,A,95,98.667,-3.667,"B,D",C,0.0,0.0
mdgo_v05_probe_000153,priority_pair,B,68,70.667,-2.667,A,C,0.0,0.0
mdgo_v05_probe_000154,priority_triple,C,107,90.667,16.333,C,D,1.0,0.0
mdgo_v05_probe_000155,drift_recent_override,D,44,50.333,-6.333,C,A,0.0,0.0
mdgo_v05_probe_000156,drift_composition,A,71,71.667,-0.667,"B,D","A,C",0.0,0.5
mdgo_v05_probe_000157,drift_exception,B,53,47.333,5.667,"B,C",A,0.5,0.0
mdgo_v05_probe_000158,false_personalization,C,53,56.667,-3.667,A,B,0.0,0.0
mdgo_v05_probe_000159,insufficient_evidence,D,56,55,1,"C,D",B,0.5,0.0
mdgo_v05_probe_000160,temporal_scope,A,72,79.667,-7.667,C,A,0.0,1.0
mdgo_v05_probe_000161,explicit_retrieval,B,82,76.667,5.333,A,D,0.0,0.0
mdgo_v05_probe_000162,long_gap_direct,C,42,40.667,1.333,B,A,0.0,0.0
mdgo_v05_probe_000163,implicit_direct,D,53,40.333,12.667,D,"A,B",1.0,0.0
mdgo_v05_probe_000164,boundary_near_miss,A,41,41.333,-0.333,C,"A,B,D",0.0,0.3333
mdgo_v05_probe_000165,boundary_plus_active,B,77,69,8,B,A,1.0,0.0
mdgo_v05_probe_000166,exception_nested,C,55,53.333,1.667,A,D,0.0,0.0
mdgo_v05_probe_000167,exception_plus_active,D,66,62.667,3.333,D,C,1.0,0.0
mdgo_v05_probe_000168,composition_pair,A,73,63,10,A,D,1.0,0.0
mdgo_v05_probe_000169,composition_pair_2,B,80,83.333,-3.333,A,D,0.0,0.0
mdgo_v05_probe_000170,composition_triple,C,107,95,12,C,B,1.0,0.0
mdgo_v05_probe_000171,priority_pair,D,78,73.333,4.667,D,A,1.0,0.0
mdgo_v05_probe_000172,priority_triple,A,85,88.333,-3.333,"C,D",A,0.0,1.0
mdgo_v05_probe_000173,drift_recent_override,B,43,46.333,-3.333,D,A,0.0,0.0
mdgo_v05_probe_000174,drift_composition,C,56,69.333,-13.333,"A,B",C,0.0,1.0
mdgo_v05_probe_000175,drift_exception,D,37,49.667,-12.667,B,D,0.0,1.0
mdgo_v05_probe_000176,false_personalization,A,53,52,1,D,B,0.0,0.0
mdgo_v05_probe_000177,insufficient_evidence,B,56,54.333,1.667,A,C,0.0,0.0
mdgo_v05_probe_000178,temporal_scope,C,66,70.667,-4.667,A,C,0.0,1.0
mdgo_v05_probe_000179,explicit_retrieval,D,76,78,-2,B,C,0.0,0.0
mdgo_v05_probe_000180,long_gap_direct,A,44,43.333,0.667,"A,B","C,D",0.5,0.0
mdgo_v05_probe_000181,implicit_direct,B,55,41.333,13.667,B,C,1.0,0.0
mdgo_v05_probe_000182,boundary_near_miss,C,55,50.333,4.667,A,D,0.0,0.0
mdgo_v05_probe_000183,boundary_plus_active,D,65,66,-1,B,A,0.0,0.0
mdgo_v05_probe_000184,exception_nested,A,44,45.333,-1.333,C,B,0.0,0.0
mdgo_v05_probe_000185,exception_plus_active,B,69,71.333,-2.333,A,C,0.0,0.0
mdgo_v05_probe_000186,composition_pair,C,66,72,-6,A,C,0.0,1.0
mdgo_v05_probe_000187,composition_pair_2,D,84,75,9,D,A,1.0,0.0
mdgo_v05_probe_000188,composition_triple,A,105,103.333,1.667,C,D,0.0,0.0
mdgo_v05_probe_000189,priority_pair,B,73,70.333,2.667,A,C,0.0,0.0
mdgo_v05_probe_000190,priority_triple,C,89,96.667,-7.667,"A,D",B,0.0,0.0
mdgo_v05_probe_000191,drift_recent_override,D,40,40.333,-0.333,C,B,0.0,0.0
mdgo_v05_probe_000192,drift_composition,A,68,71.667,-3.667,B,D,0.0,0.0
mdgo_v05_probe_000193,drift_exception,B,38,41.333,-3.333,"A,C",B,0.0,1.0
mdgo_v05_probe_000194,false_personalization,C,53,56,-3,A,B,0.0,0.0
mdgo_v05_probe_000195,insufficient_evidence,D,56,59.333,-3.333,A,C,0.0,0.0
mdgo_v05_probe_000196,temporal_scope,A,63,70.333,-7.333,D,A,0.0,1.0
mdgo_v05_probe_000197,explicit_retrieval,B,67,70,-3,C,A,0.0,0.0
mdgo_v05_probe_000198,long_gap_direct,C,44,41,3,"A,C",D,0.5,0.0
mdgo_v05_probe_000199,implicit_direct,D,40,46.667,-6.667,A,D,0.0,1.0
mdgo_v05_probe_000200,boundary_near_miss,A,55,40.333,14.667,A,B,1.0,0.0
mdgo_v05_probe_000201,boundary_plus_active,B,76,74.667,1.333,A,C,0.0,0.0
mdgo_v05_probe_000202,exception_nested,C,40,40.667,-0.667,"B,D","A,C",0.0,0.5
mdgo_v05_probe_000203,exception_plus_active,D,74,77.667,-3.667,B,C,0.0,0.0
mdgo_v05_probe_000204,composition_pair,A,84,75.667,8.333,A,D,1.0,0.0
mdgo_v05_probe_000205,composition_pair_2,B,63,67.333,-4.333,C,B,0.0,1.0
mdgo_v05_probe_000206,composition_triple,C,92,89,3,"B,C",A,0.5,0.0
mdgo_v05_probe_000207,priority_pair,D,65,66.667,-1.667,B,C,0.0,0.0
mdgo_v05_probe_000208,priority_triple,A,96,94,2,A,D,1.0,0.0
mdgo_v05_probe_000209,drift_recent_override,B,44,47.333,-3.333,A,D,0.0,0.0
mdgo_v05_probe_000210,drift_composition,C,77,72,5,C,A,1.0,0.0
mdgo_v05_probe_000211,drift_exception,D,39,41.333,-2.333,C,D,0.0,1.0
mdgo_v05_probe_000212,false_personalization,A,53,51,2,C,"B,D",0.0,0.0
mdgo_v05_probe_000213,insufficient_evidence,B,56,59,-3,D,C,0.0,0.0
mdgo_v05_probe_000214,temporal_scope,C,82,78.667,3.333,"C,D",B,0.5,0.0
mdgo_v05_probe_000215,explicit_retrieval,D,84,68.667,15.333,D,A,1.0,0.0
mdgo_v05_probe_000216,long_gap_direct,A,39,50.667,-11.667,D,A,0.0,1.0
mdgo_v05_probe_000217,implicit_direct,B,41,47,-6,D,B,0.0,1.0
mdgo_v05_probe_000218,boundary_near_miss,C,38,42.333,-4.333,A,C,0.0,1.0
mdgo_v05_probe_000219,boundary_plus_active,D,67,70.333,-3.333,B,"A,C",0.0,0.0
mdgo_v05_probe_000220,exception_nested,A,38,42.667,-4.667,D,A,0.0,1.0
mdgo_v05_probe_000221,exception_plus_active,B,80,68.667,11.333,B,C,1.0,0.0
mdgo_v05_probe_000222,composition_pair,C,83,74,9,C,"A,D",1.0,0.0
mdgo_v05_probe_000223,composition_pair_2,D,80,74.667,5.333,D,"A,C",1.0,0.0
mdgo_v05_probe_000224,composition_triple,A,109,97.667,11.333,A,C,1.0,0.0
mdgo_v05_probe_000225,priority_pair,B,65,79.333,-14.333,A,B,0.0,1.0
mdgo_v05_probe_000226,priority_triple,C,98,102,-4,D,A,0.0,0.0
mdgo_v05_probe_000227,drift_recent_override,D,41,43.333,-2.333,"B,C",D,0.0,1.0
mdgo_v05_probe_000228,drift_composition,A,64,67,-3,C,D,0.0,0.0
mdgo_v05_probe_000229,drift_exception,B,43,40,3,B,C,1.0,0.0
mdgo_v05_probe_000230,false_personalization,C,53,59,-6,B,"C,D",0.0,0.5
mdgo_v05_probe_000231,insufficient_evidence,D,59,55.333,3.667,C,B,0.0,0.0
mdgo_v05_probe_000232,temporal_scope,A,69,74,-5,B,D,0.0,0.0
mdgo_v05_probe_000233,explicit_retrieval,B,70,70,0,A,C,0.0,0.0
mdgo_v05_probe_000234,long_gap_direct,C,45,46.333,-1.333,B,A,0.0,0.0
mdgo_v05_probe_000235,implicit_direct,D,44,42.333,1.667,"A,D",C,0.5,0.0
mdgo_v05_probe_000236,boundary_near_miss,A,52,53.333,-1.333,C,"A,B,D",0.0,0.3333
mdgo_v05_probe_000237,boundary_plus_active,B,64,66.333,-2.333,C,A,0.0,0.0
mdgo_v05_probe_000238,exception_nested,C,53,47.667,5.333,B,D,0.0,0.0
mdgo_v05_probe_000239,exception_plus_active,D,66,72,-6,B,"A,D",0.0,0.5
mdgo_v05_probe_000240,composition_pair,A,64,65,-1,D,C,0.0,0.0
mdgo_v05_probe_000241,composition_pair_2,B,72,80.333,-8.333,C,B,0.0,1.0
mdgo_v05_probe_000242,composition_triple,C,100,103.333,-3.333,"B,D","A,C",0.0,0.5
mdgo_v05_probe_000243,priority_pair,D,80,68.667,11.333,D,C,1.0,0.0
mdgo_v05_probe_000244,priority_triple,A,92,93,-1,C,B,0.0,0.0
mdgo_v05_probe_000245,drift_recent_override,B,45,44.333,0.667,D,C,0.0,0.0
mdgo_v05_probe_000246,drift_composition,C,74,70.333,3.667,B,A,0.0,0.0
mdgo_v05_probe_000247,drift_exception,D,44,48.667,-4.667,C,"B,D",0.0,0.5
mdgo_v05_probe_000248,false_personalization,A,53,56,-3,B,D,0.0,0.0
mdgo_v05_probe_000249,insufficient_evidence,B,56,54,2,A,C,0.0,0.0
mdgo_v05_probe_000250,temporal_scope,C,71,69.667,1.333,"B,C",D,0.5,0.0
mdgo_v05_probe_000251,explicit_retrieval,D,70,77.333,-7.333,"B,C","A,D",0.0,0.5
mdgo_v05_probe_000252,long_gap_direct,A,41,46.333,-5.333,C,A,0.0,1.0
mdgo_v05_probe_000253,implicit_direct,B,42,40.333,1.667,A,C,0.0,0.0
mdgo_v05_probe_000254,boundary_near_miss,C,50,41.667,8.333,C,D,1.0,0.0
mdgo_v05_probe_000255,boundary_plus_active,D,70,67.667,2.333,"A,D",C,0.5,0.0
mdgo_v05_probe_000256,exception_nested,A,42,41.667,0.333,B,D,0.0,0.0
mdgo_v05_probe_000257,exception_plus_active,B,85,76.333,8.667,B,D,1.0,0.0
mdgo_v05_probe_000258,composition_pair,C,82,75.667,6.333,A,D,0.0,0.0
mdgo_v05_probe_000259,composition_pair_2,D,65,66.333,-1.333,A,"B,D",0.0,0.5
mdgo_v05_probe_000260,composition_triple,A,104,100.667,3.333,"A,C",D,0.5,0.0
mdgo_v05_probe_000261,priority_pair,B,69,73.667,-4.667,D,A,0.0,0.0
mdgo_v05_probe_000262,priority_triple,C,92,96.333,-4.333,B,"A,D",0.0,0.0
mdgo_v05_probe_000263,drift_recent_override,D,43,49,-6,"A,C",B,0.0,0.0
mdgo_v05_probe_000264,drift_composition,A,66,73.667,-7.667,D,A,0.0,1.0
mdgo_v05_probe_000265,drift_exception,B,38,43.333,-5.333,C,B,0.0,1.0
mdgo_v05_probe_000266,false_personalization,C,52,52.333,-0.333,D,A,0.0,0.0
mdgo_v05_probe_000267,insufficient_evidence,D,56,55.333,0.667,C,A,0.0,0.0
mdgo_v05_probe_000268,temporal_scope,A,68,66.667,1.333,A,C,1.0,0.0
mdgo_v05_probe_000269,explicit_retrieval,B,67,71.333,-4.333,A,D,0.0,0.0
mdgo_v05_probe_000270,long_gap_direct,C,46,49.333,-3.333,D,B,0.0,0.0
mdgo_v05_probe_000271,implicit_direct,D,36,46,-10,A,D,0.0,1.0
mdgo_v05_probe_000272,boundary_near_miss,A,42,44.667,-2.667,B,C,0.0,0.0
mdgo_v05_probe_000273,boundary_plus_active,B,73,61,12,B,D,1.0,0.0
mdgo_v05_probe_000274,exception_nested,C,39,42.667,-3.667,D,C,0.0,1.0
mdgo_v05_probe_000275,exception_plus_active,D,75,71,4,C,A,0.0,0.0
mdgo_v05_probe_000276,composition_pair,A,70,70.667,-0.667,D,B,0.0,0.0
mdgo_v05_probe_000277,composition_pair_2,B,73,73.333,-0.333,A,D,0.0,0.0
mdgo_v05_probe_000278,composition_triple,C,99,98.333,0.667,B,A,0.0,0.0
mdgo_v05_probe_000279,priority_pair,D,76,66.333,9.667,D,C,1.0,0.0
mdgo_v05_probe_000280,priority_triple,A,87,90.667,-3.667,D,C,0.0,0.0
mdgo_v05_probe_000281,drift_recent_override,B,43,43.667,-0.667,D,C,0.0,0.0
mdgo_v05_probe_000282,drift_composition,C,71,68.667,2.333,A,B,0.0,0.0
mdgo_v05_probe_000283,drift_exception,D,43,42.333,0.667,C,B,0.0,0.0
mdgo_v05_probe_000284,false_personalization,A,53,61.667,-8.667,B,A,0.0,1.0
mdgo_v05_probe_000285,insufficient_evidence,B,67,55.333,11.667,B,D,1.0,0.0
mdgo_v05_probe_000286,temporal_scope,C,81,76.667,4.333,"C,D",B,0.5,0.0
mdgo_v05_probe_000287,explicit_retrieval,D,64,68.667,-4.667,A,D,0.0,1.0
mdgo_v05_probe_000288,long_gap_direct,A,42,43,-1,"B,D",C,0.0,0.0
mdgo_v05_probe_000289,implicit_direct,B,39,41,-2,"A,C,D",B,0.0,1.0
mdgo_v05_probe_000290,boundary_near_miss,C,42,45.667,-3.667,A,C,0.0,1.0
mdgo_v05_probe_000291,boundary_plus_active,D,69,69,0,A,C,0.0,0.0
mdgo_v05_probe_000292,exception_nested,A,54,51.333,2.667,D,B,0.0,0.0
mdgo_v05_probe_000293,exception_plus_active,B,73,70.333,2.667,D,A,0.0,0.0
mdgo_v05_probe_000294,composition_pair,C,66,68.333,-2.333,D,B,0.0,0.0
mdgo_v05_probe_000295,composition_pair_2,D,67,74,-7,"B,C",D,0.0,1.0
mdgo_v05_probe_000296,composition_triple,A,91,100.667,-9.667,B,A,0.0,1.0
mdgo_v05_probe_000297,priority_pair,B,65,71,-6,A,B,0.0,1.0
mdgo_v05_probe_000298,priority_triple,C,89,92,-3,D,C,0.0,1.0
mdgo_v05_probe_000299,drift_recent_override,D,44,43.333,0.667,B,C,0.0,0.0
mdgo_v05_probe_000300,drift_composition,A,59,61.333,-2.333,C,D,0.0,0.0
mdgo_v05_probe_000301,drift_exception,B,44,45,-1,D,A,0.0,0.0
mdgo_v05_probe_000302,false_personalization,C,53,53.333,-0.333,B,D,0.0,0.0
mdgo_v05_probe_000303,insufficient_evidence,D,56,55.333,0.667,C,B,0.0,0.0
mdgo_v05_probe_000304,temporal_scope,A,80,76.333,3.667,A,"B,D",1.0,0.0
mdgo_v05_probe_000305,explicit_retrieval,B,65,68.333,-3.333,"A,D","B,C",0.0,0.5
mdgo_v05_probe_000306,long_gap_direct,C,41,42.333,-1.333,A,B,0.0,0.0
mdgo_v05_probe_000307,implicit_direct,D,38,42.667,-4.667,C,D,0.0,1.0
mdgo_v05_probe_000308,boundary_near_miss,A,41,46.333,-5.333,C,B,0.0,0.0
mdgo_v05_probe_000309,boundary_plus_active,B,69,71.333,-2.333,C,D,0.0,0.0
mdgo_v05_probe_000310,exception_nested,C,35,45.667,-10.667,D,C,0.0,1.0
mdgo_v05_probe_000311,exception_plus_active,D,78,73.667,4.333,A,C,0.0,0.0
mdgo_v05_probe_000312,composition_pair,A,80,74,6,A,D,1.0,0.0
mdgo_v05_probe_000313,composition_pair_2,B,78,79.667,-1.667,D,A,0.0,0.0
mdgo_v05_probe_000314,composition_triple,C,108,99.333,8.667,C,B,1.0,0.0
mdgo_v05_probe_000315,priority_pair,D,67,76.333,-9.333,C,D,0.0,1.0
mdgo_v05_probe_000316,priority_triple,A,97,101,-4,D,"A,B",0.0,0.5
mdgo_v05_probe_000317,drift_recent_override,B,44,41.667,2.333,B,"C,D",1.0,0.0
mdgo_v05_probe_000318,drift_composition,C,70,71,-1,B,A,0.0,0.0
mdgo_v05_probe_000319,drift_exception,D,39,44.667,-5.667,C,"B,D",0.0,0.5
mdgo_v05_probe_000320,false_personalization,A,53,52.333,0.667,B,D,0.0,0.0
mdgo_v05_probe_000321,insufficient_evidence,B,67,53.667,13.333,B,C,1.0,0.0
mdgo_v05_probe_000322,temporal_scope,C,67,73,-6,D,C,0.0,1.0
mdgo_v05_probe_000323,explicit_retrieval,D,73,79.667,-6.667,"A,C",D,0.0,1.0
mdgo_v05_probe_000324,long_gap_direct,A,41,45,-4,D,A,0.0,1.0
mdgo_v05_probe_000325,implicit_direct,B,45,47.667,-2.667,A,C,0.0,0.0
mdgo_v05_probe_000326,boundary_near_miss,C,42,44.333,-2.333,B,A,0.0,0.0
mdgo_v05_probe_000327,boundary_plus_active,D,73,74.333,-1.333,B,C,0.0,0.0
mdgo_v05_probe_000328,exception_nested,A,57,47.333,9.667,A,B,1.0,0.0
mdgo_v05_probe_000329,exception_plus_active,B,79,74.333,4.667,A,C,0.0,0.0
mdgo_v05_probe_000330,composition_pair,C,67,70.333,-3.333,A,B,0.0,0.0
mdgo_v05_probe_000331,composition_pair_2,D,78,80,-2,C,B,0.0,0.0
mdgo_v05_probe_000332,composition_triple,A,115,105.333,9.667,A,C,1.0,0.0
mdgo_v05_probe_000333,priority_pair,B,69,66.667,2.333,A,C,0.0,0.0
mdgo_v05_probe_000334,priority_triple,C,105,97.333,7.667,C,B,1.0,0.0
mdgo_v05_probe_000335,drift_recent_override,D,39,46.333,-7.333,B,D,0.0,1.0
mdgo_v05_probe_000336,drift_composition,A,65,73.333,-8.333,C,A,0.0,1.0
mdgo_v05_probe_000337,drift_exception,B,44,45.667,-1.667,A,D,0.0,0.0
mdgo_v05_probe_000338,false_personalization,C,50,54.667,-4.667,B,C,0.0,1.0
mdgo_v05_probe_000339,insufficient_evidence,D,56,55,1,A,"B,C",0.0,0.0
mdgo_v05_probe_000340,temporal_scope,A,71,70,1,"A,B,D",C,0.3333,0.0
mdgo_v05_probe_000341,explicit_retrieval,B,69,66.667,2.333,A,D,0.0,0.0
mdgo_v05_probe_000342,long_gap_direct,C,45,43.667,1.333,B,D,0.0,0.0
mdgo_v05_probe_000343,implicit_direct,D,44,47,-3,C,A,0.0,0.0
mdgo_v05_probe_000344,boundary_near_miss,A,46,51,-5,B,A,0.0,1.0
mdgo_v05_probe_000345,boundary_plus_active,B,71,67,4,B,D,1.0,0.0
mdgo_v05_probe_000346,exception_nested,C,42,48.333,-6.333,A,C,0.0,1.0
mdgo_v05_probe_000347,exception_plus_active,D,68,68,0,"A,B,C,D","A,B,C,D",0.25,0.25
mdgo_v05_probe_000348,composition_pair,A,64,63.667,0.333,C,B,0.0,0.0
mdgo_v05_probe_000349,composition_pair_2,B,65,67.333,-2.333,C,A,0.0,0.0
mdgo_v05_probe_000350,composition_triple,C,92,95.333,-3.333,D,B,0.0,0.0
mdgo_v05_probe_000351,priority_pair,D,64,70.333,-6.333,C,D,0.0,1.0
mdgo_v05_probe_000352,priority_triple,A,87,86.667,0.333,D,"B,C",0.0,0.0
mdgo_v05_probe_000353,drift_recent_override,B,42,44.667,-2.667,C,D,0.0,0.0
mdgo_v05_probe_000354,drift_composition,C,68,76.333,-8.333,B,C,0.0,1.0
mdgo_v05_probe_000355,drift_exception,D,43,43.333,-0.333,"B,C",A,0.0,0.0
mdgo_v05_probe_000356,false_personalization,A,53,55.667,-2.667,D,B,0.0,0.0
mdgo_v05_probe_000357,insufficient_evidence,B,66,57.333,8.667,B,A,1.0,0.0
mdgo_v05_probe_000358,temporal_scope,C,71,77,-6,B,A,0.0,0.0
mdgo_v05_probe_000359,explicit_retrieval,D,77,70.667,6.333,D,C,1.0,0.0
mdgo_v05_probe_000360,long_gap_direct,A,42,44,-2,C,D,0.0,0.0
mdgo_v05_probe_000361,implicit_direct,B,42,43.333,-1.333,"A,D","B,C",0.0,0.5
mdgo_v05_probe_000362,boundary_near_miss,C,54,42.667,11.333,C,D,1.0,0.0
mdgo_v05_probe_000363,boundary_plus_active,D,72,72.333,-0.333,B,C,0.0,0.0
mdgo_v05_probe_000364,exception_nested,A,46,51.667,-5.667,C,B,0.0,0.0
mdgo_v05_probe_000365,exception_plus_active,B,72,71,1,C,D,0.0,0.0
mdgo_v05_probe_000366,composition_pair,C,68,68.333,-0.333,D,A,0.0,0.0
mdgo_v05_probe_000367,composition_pair_2,D,73,73.333,-0.333,A,C,0.0,0.0
mdgo_v05_probe_000368,composition_triple,A,90,96.667,-6.667,B,A,0.0,1.0
mdgo_v05_probe_000369,priority_pair,B,79,77.333,1.667,C,D,0.0,0.0
mdgo_v05_probe_000370,priority_triple,C,86,86.667,-0.667,D,"A,B,C",0.0,0.3333
mdgo_v05_probe_000371,drift_recent_override,D,42,44.333,-2.333,C,A,0.0,0.0
mdgo_v05_probe_000372,drift_composition,A,59,61.667,-2.667,B,A,0.0,1.0
mdgo_v05_probe_000373,drift_exception,B,43,43,0,C,"A,D",0.0,0.0
mdgo_v05_probe_000374,false_personalization,C,53,51.333,1.667,B,D,0.0,0.0
mdgo_v05_probe_000375,insufficient_evidence,D,53,57,-4,C,B,0.0,0.0
mdgo_v05_probe_000376,temporal_scope,A,70,68.667,1.333,C,B,0.0,0.0
mdgo_v05_probe_000377,explicit_retrieval,B,75,72,3,A,"C,D",0.0,0.0
mdgo_v05_probe_000378,long_gap_direct,C,40,38.667,1.333,A,B,0.0,0.0
mdgo_v05_probe_000379,implicit_direct,D,49,53.667,-4.667,B,D,0.0,1.0
mdgo_v05_probe_000380,boundary_near_miss,A,39,46,-7,D,A,0.0,1.0
mdgo_v05_probe_000381,boundary_plus_active,B,70,77.333,-7.333,A,B,0.0,1.0
mdgo_v05_probe_000382,exception_nested,C,40,43,-3,A,B,0.0,0.0
mdgo_v05_probe_000383,exception_plus_active,D,67,74.667,-7.667,A,D,0.0,1.0
mdgo_v05_probe_000384,composition_pair,A,66,74.333,-8.333,"B,D",A,0.0,1.0
mdgo_v05_probe_000385,composition_pair_2,B,73,80.667,-7.667,A,B,0.0,1.0
mdgo_v05_probe_000386,composition_triple,C,102,105.667,-3.667,B,"C,D",0.0,0.5
mdgo_v05_probe_000387,priority_pair,D,70,73.333,-3.333,A,C,0.0,0.0
mdgo_v05_probe_000388,priority_triple,A,109,97,12,A,B,1.0,0.0
mdgo_v05_probe_000389,drift_recent_override,B,43,37.667,5.333,B,A,1.0,0.0
mdgo_v05_probe_000390,drift_composition,C,82,66,16,C,A,1.0,0.0
mdgo_v05_probe_000391,drift_exception,D,39,45,-6,A,D,0.0,1.0
mdgo_v05_probe_000392,false_personalization,A,53,51.333,1.667,D,B,0.0,0.0
mdgo_v05_probe_000393,insufficient_evidence,B,56,56,0,A,C,0.0,0.0
mdgo_v05_probe_000394,temporal_scope,C,72,76.667,-4.667,D,A,0.0,0.0
mdgo_v05_probe_000395,explicit_retrieval,D,72,75.667,-3.667,A,B,0.0,0.0
mdgo_v05_probe_000396,long_gap_direct,A,47,42.667,4.333,A,"B,C",1.0,0.0
mdgo_v05_probe_000397,implicit_direct,B,42,47.333,-5.333,C,"B,D",0.0,0.5
mdgo_v05_probe_000398,boundary_near_miss,C,38,42,-4,B,C,0.0,1.0
mdgo_v05_probe_000399,boundary_plus_active,D,68,74.333,-6.333,C,D,0.0,1.0
mdgo_v05_probe_000400,exception_nested,A,37,41.667,-4.667,D,A,0.0,1.0
mdgo_v05_probe_000401,exception_plus_active,B,81,72,9,B,D,1.0,0.0
mdgo_v05_probe_000402,composition_pair,C,74,65.333,8.667,C,A,1.0,0.0
mdgo_v05_probe_000403,composition_pair_2,D,66,69,-3,B,A,0.0,0.0
mdgo_v05_probe_000404,composition_triple,A,102,97,5,D,C,0.0,0.0
mdgo_v05_probe_000405,priority_pair,B,80,75.667,4.333,"B,D",C,0.5,0.0
mdgo_v05_probe_000406,priority_triple,C,93,97.333,-4.333,B,"C,D",0.0,0.5
mdgo_v05_probe_000407,drift_recent_override,D,51,46,5,A,C,0.0,0.0
mdgo_v05_probe_000408,drift_composition,A,63,65,-2,B,D,0.0,0.0
mdgo_v05_probe_000409,drift_exception,B,41,39.333,1.667,B,"A,C",1.0,0.0
mdgo_v05_probe_000410,false_personalization,C,53,51.333,1.667,B,D,0.0,0.0
mdgo_v05_probe_000411,insufficient_evidence,D,56,53.667,2.333,"B,D",A,0.5,0.0
mdgo_v05_probe_000412,temporal_scope,A,65,70.667,-5.667,B,D,0.0,0.0
mdgo_v05_probe_000413,explicit_retrieval,B,68,72.667,-4.667,A,B,0.0,1.0
mdgo_v05_probe_000414,long_gap_direct,C,41,43.333,-2.333,"A,B",C,0.0,1.0
mdgo_v05_probe_000415,implicit_direct,D,42,46.667,-4.667,B,D,0.0,1.0
mdgo_v05_probe_000416,boundary_near_miss,A,43,40.333,2.667,A,B,1.0,0.0
mdgo_v05_probe_000417,boundary_plus_active,B,78,67.667,10.333,B,"A,C",1.0,0.0
mdgo_v05_probe_000418,exception_nested,C,52,47,5,A,D,0.0,0.0
mdgo_v05_probe_000419,exception_plus_active,D,76,69,7,D,A,1.0,0.0
mdgo_v05_probe_000420,composition_pair,A,70,74.333,-4.333,D,A,0.0,1.0
mdgo_v05_probe_000421,composition_pair_2,B,87,79.333,7.667,B,"A,C",1.0,0.0
mdgo_v05_probe_000422,composition_triple,C,98,93,5,C,B,1.0,0.0
mdgo_v05_probe_000423,priority_pair,D,69,77.333,-8.333,C,D,0.0,1.0
mdgo_v05_probe_000424,priority_triple,A,94,96.333,-2.333,C,B,0.0,0.0
mdgo_v05_probe_000425,drift_recent_override,B,43,46.667,-3.667,D,B,0.0,1.0
mdgo_v05_probe_000426,drift_composition,C,78,67,11,C,"A,D",1.0,0.0
mdgo_v05_probe_000427,drift_exception,D,43,40,3,D,"B,C",1.0,0.0
mdgo_v05_probe_000428,false_personalization,A,53,56.667,-3.667,C,A,0.0,1.0
mdgo_v05_probe_000429,insufficient_evidence,B,56,54.333,1.667,D,C,0.0,0.0
mdgo_v05_probe_000430,temporal_scope,C,61,62.667,-1.667,D,"A,C",0.0,0.5
mdgo_v05_probe_000431,explicit_retrieval,D,76,74,2,C,B,0.0,0.0
mdgo_v05_probe_000432,long_gap_direct,A,41,40.667,0.333,D,B,0.0,0.0
mdgo_v05_probe_000433,implicit_direct,B,58,43.667,14.333,B,C,1.0,0.0
mdgo_v05_probe_000434,boundary_near_miss,C,44,43.333,0.667,A,B,0.0,0.0
mdgo_v05_probe_000435,boundary_plus_active,D,65,70,-5,B,C,0.0,0.0
mdgo_v05_probe_000436,exception_nested,A,52,46,6,D,C,0.0,0.0
mdgo_v05_probe_000437,exception_plus_active,B,77,72.333,4.667,A,C,0.0,0.0
mdgo_v05_probe_000438,composition_pair,C,69,68.667,0.333,A,D,0.0,0.0
mdgo_v05_probe_000439,composition_pair_2,D,70,77.667,-7.667,A,D,0.0,1.0
mdgo_v05_probe_000440,composition_triple,A,94,99.333,-5.333,D,A,0.0,1.0
mdgo_v05_probe_000441,priority_pair,B,72,81.333,-9.333,D,B,0.0,1.0
mdgo_v05_probe_000442,priority_triple,C,89,95.333,-6.333,A,C,0.0,1.0
mdgo_v05_probe_000443,drift_recent_override,D,55,42.333,12.667,D,C,1.0,0.0
mdgo_v05_probe_000444,drift_composition,A,73,75,-2,C,D,0.0,0.0
mdgo_v05_probe_000445,drift_exception,B,53,40.333,12.667,B,C,1.0,0.0
mdgo_v05_probe_000446,false_personalization,C,53,56,-3,D,A,0.0,0.0
mdgo_v05_probe_000447,insufficient_evidence,D,55,56.333,-1.333,C,A,0.0,0.0
mdgo_v05_probe_000448,temporal_scope,A,71,71,0,"B,C",D,0.0,0.0
mdgo_v05_probe_000449,explicit_retrieval,B,69,72.333,-3.333,A,C,0.0,0.0
mdgo_v05_probe_000450,long_gap_direct,C,42,47,-5,B,A,0.0,0.0
mdgo_v05_probe_000451,implicit_direct,D,52,39,13,D,A,1.0,0.0
mdgo_v05_probe_000452,boundary_near_miss,A,55,41.333,13.667,A,B,1.0,0.0
mdgo_v05_probe_000453,boundary_plus_active,B,71,70.667,0.333,C,D,0.0,0.0
mdgo_v05_probe_000454,exception_nested,C,39,41.667,-2.667,A,B,0.0,0.0
mdgo_v05_probe_000455,exception_plus_active,D,59,68.667,-9.667,A,D,0.0,1.0
mdgo_v05_probe_000456,composition_pair,A,69,77.333,-8.333,D,A,0.0,1.0
mdgo_v05_probe_000457,composition_pair_2,B,68,77.333,-9.333,"A,D",B,0.0,1.0
mdgo_v05_probe_000458,composition_triple,C,105,98.333,6.667,C,D,1.0,0.0
mdgo_v05_probe_000459,priority_pair,D,66,67,-1,A,"B,C",0.0,0.0
mdgo_v05_probe_000460,priority_triple,A,91,100,-9,B,A,0.0,1.0
mdgo_v05_probe_000461,drift_recent_override,B,45,45.333,-0.333,A,D,0.0,0.0
mdgo_v05_probe_000462,drift_composition,C,75,73.333,1.667,"A,B,C",D,0.3333,0.0
mdgo_v05_probe_000463,drift_exception,D,41,38.333,2.667,D,C,1.0,0.0
mdgo_v05_probe_000464,false_personalization,A,53,55.667,-2.667,C,D,0.0,0.0
mdgo_v05_probe_000465,insufficient_evidence,B,56,55,1,D,"A,C",0.0,0.0
mdgo_v05_probe_000466,temporal_scope,C,67,73.333,-6.333,B,C,0.0,1.0
mdgo_v05_probe_000467,explicit_retrieval,D,62,67.333,-5.333,A,D,0.0,1.0
mdgo_v05_probe_000468,long_gap_direct,A,54,50.333,3.667,C,D,0.0,0.0
mdgo_v05_probe_000469,implicit_direct,B,43,45,-2,C,D,0.0,0.0
mdgo_v05_probe_000470,boundary_near_miss,C,52,47.667,4.333,"B,C",D,0.5,0.0
mdgo_v05_probe_000471,boundary_plus_active,D,75,72,3,D,C,1.0,0.0
mdgo_v05_probe_000472,exception_nested,A,41,44,-3,C,D,0.0,0.0
mdgo_v05_probe_000473,exception_plus_active,B,74,73.667,0.333,C,D,0.0,0.0
mdgo_v05_probe_000474,composition_pair,C,71,67,4,C,D,1.0,0.0
mdgo_v05_probe_000475,composition_pair_2,D,76,76,0,C,A,0.0,0.0
mdgo_v05_probe_000476,composition_triple,A,101,92,9,A,C,1.0,0.0
mdgo_v05_probe_000477,priority_pair,B,71,79.667,-8.667,A,B,0.0,1.0
mdgo_v05_probe_000478,priority_triple,C,109,103.333,5.667,"A,C",B,0.5,0.0
mdgo_v05_probe_000479,drift_recent_override,D,39,40.667,-1.667,B,D,0.0,1.0
mdgo_v05_probe_000480,drift_composition,A,64,73.333,-9.333,C,A,0.0,1.0
mdgo_v05_probe_000481,drift_exception,B,40,43.333,-3.333,"A,C",B,0.0,1.0
mdgo_v05_probe_000482,false_personalization,C,53,54.667,-1.667,A,B,0.0,0.0
mdgo_v05_probe_000483,insufficient_evidence,D,56,60,-4,C,A,0.0,0.0
mdgo_v05_probe_000484,temporal_scope,A,72,71,1,"A,B,D",C,0.3333,0.0
mdgo_v05_probe_000485,explicit_retrieval,B,70,66.333,3.667,B,A,1.0,0.0
mdgo_v05_probe_000486,long_gap_direct,C,45,47,-2,A,"B,D",0.0,0.0
mdgo_v05_probe_000487,implicit_direct,D,52,42.667,9.333,"A,D",B,0.5,0.0
mdgo_v05_probe_000488,boundary_near_miss,A,38,43,-5,D,A,0.0,1.0
mdgo_v05_probe_000489,boundary_plus_active,B,64,69.333,-5.333,C,"A,B",0.0,0.5
mdgo_v05_probe_000490,exception_nested,C,40,39.667,0.333,"A,C,D",B,0.3333,0.0
mdgo_v05_probe_000491,exception_plus_active,D,63,62.667,0.333,B,A,0.0,0.0
mdgo_v05_probe_000492,composition_pair,A,69,80.667,-11.667,C,A,0.0,1.0
mdgo_v05_probe_000493,composition_pair_2,B,83,75.667,7.333,B,A,1.0,0.0
mdgo_v05_probe_000494,composition_triple,C,95,99,-4,B,A,0.0,0.0
mdgo_v05_probe_000495,priority_pair,D,73,79.333,-6.333,A,D,0.0,1.0
mdgo_v05_probe_000496,priority_triple,A,89,90.333,-1.333,"B,D","A,C",0.0,0.5
mdgo_v05_probe_000497,drift_recent_override,B,40,48,-8,A,B,0.0,1.0
mdgo_v05_probe_000498,drift_composition,C,65,70.333,-5.333,A,B,0.0,0.0
mdgo_v05_probe_000499,drift_exception,D,40,43.333,-3.333,A,C,0.0,0.0
mdgo_v05_probe_000500,false_personalization,A,53,57.333,-4.333,B,D,0.0,0.0
mdgo_v05_probe_000501,insufficient_evidence,B,55,61.667,-6.667,A,C,0.0,0.0
mdgo_v05_probe_000502,temporal_scope,C,67,65,2,B,A,0.0,0.0
mdgo_v05_probe_000503,explicit_retrieval,D,69,72.333,-3.333,B,D,0.0,1.0
mdgo_v05_probe_000504,long_gap_direct,A,44,50.667,-6.667,C,"A,B",0.0,0.5
mdgo_v05_probe_000505,implicit_direct,B,44,47,-3,C,D,0.0,0.0
mdgo_v05_probe_000506,boundary_near_miss,C,54,48.333,5.667,D,B,0.0,0.0
mdgo_v05_probe_000507,boundary_plus_active,D,65,74.667,-9.667,A,D,0.0,1.0
mdgo_v05_probe_000508,exception_nested,A,45,45.333,-0.333,B,C,0.0,0.0
mdgo_v05_probe_000509,exception_plus_active,B,72,79.333,-7.333,D,B,0.0,1.0
mdgo_v05_probe_000510,composition_pair,C,65,67,-2,A,"C,D",0.0,0.5
mdgo_v05_probe_000511,composition_pair_2,D,83,75.667,7.333,D,C,1.0,0.0
mdgo_v05_probe_000512,composition_triple,A,98,101.333,-3.333,B,D,0.0,0.0
mdgo_v05_probe_000513,priority_pair,B,83,74.667,8.333,B,D,1.0,0.0
mdgo_v05_probe_000514,priority_triple,C,102,92,10,C,A,1.0,0.0
mdgo_v05_probe_000515,drift_recent_override,D,43,43.333,-0.333,C,A,0.0,0.0
mdgo_v05_probe_000516,drift_composition,A,71,70,1,D,C,0.0,0.0
mdgo_v05_probe_000517,drift_exception,B,42,42,0,D,"A,C",0.0,0.0
mdgo_v05_probe_000518,false_personalization,C,53,51,2,B,D,0.0,0.0
mdgo_v05_probe_000519,insufficient_evidence,D,55,54.333,0.667,C,A,0.0,0.0
mdgo_v05_probe_000520,temporal_scope,A,79,70,9,A,B,1.0,0.0
mdgo_v05_probe_000521,explicit_retrieval,B,73,74.667,-1.667,D,A,0.0,0.0
mdgo_v05_probe_000522,long_gap_direct,C,40,51.667,-11.667,D,C,0.0,1.0
mdgo_v05_probe_000523,implicit_direct,D,52,53.333,-1.333,A,"B,C,D",0.0,0.3333
mdgo_v05_probe_000524,boundary_near_miss,A,53,42.667,10.333,A,C,1.0,0.0
mdgo_v05_probe_000525,boundary_plus_active,B,73,71.333,1.667,A,C,0.0,0.0
mdgo_v05_probe_000526,exception_nested,C,38,42.333,-4.333,B,C,0.0,1.0
mdgo_v05_probe_000527,exception_plus_active,D,86,80.667,5.333,A,C,0.0,0.0
mdgo_v05_probe_000528,composition_pair,A,86,76.333,9.667,A,C,1.0,0.0
mdgo_v05_probe_000529,composition_pair_2,B,76,64.667,11.333,B,"A,D",1.0,0.0
mdgo_v05_probe_000530,composition_triple,C,92,90.667,1.333,B,A,0.0,0.0
mdgo_v05_probe_000531,priority_pair,D,72,68.333,3.667,"B,D",A,0.5,0.0
mdgo_v05_probe_000532,priority_triple,A,87,90,-3,B,A,0.0,1.0
mdgo_v05_probe_000533,drift_recent_override,B,49,41,8,B,"A,C,D",1.0,0.0
mdgo_v05_probe_000534,drift_composition,C,81,77,4,A,D,0.0,0.0
mdgo_v05_probe_000535,drift_exception,D,42,47.667,-5.667,C,D,0.0,1.0
mdgo_v05_probe_000536,false_personalization,A,50,55,-5,D,A,0.0,1.0
mdgo_v05_probe_000537,insufficient_evidence,B,59,56.333,2.667,A,C,0.0,0.0
mdgo_v05_probe_000538,temporal_scope,C,77,71.667,5.333,C,D,1.0,0.0
mdgo_v05_probe_000539,explicit_retrieval,D,62,61.667,0.333,"A,B,D",C,0.3333,0.0
mdgo_v05_probe_000540,long_gap_direct,A,42,40.333,1.667,"A,D",B,0.5,0.0
mdgo_v05_probe_000541,implicit_direct,B,40,44,-4,C,D,0.0,0.0
mdgo_v05_probe_000542,boundary_near_miss,C,39,37.667,1.333,B,A,0.0,0.0
mdgo_v05_probe_000543,boundary_plus_active,D,75,70.333,4.667,A,B,0.0,0.0
mdgo_v05_probe_000544,exception_nested,A,43,43.333,-0.333,D,B,0.0,0.0
mdgo_v05_probe_000545,exception_plus_active,B,69,69.667,-0.667,D,A,0.0,0.0
mdgo_v05_probe_000546,composition_pair,C,66,68,-2,B,A,0.0,0.0
mdgo_v05_probe_000547,composition_pair_2,D,82,76.333,5.667,D,C,1.0,0.0
mdgo_v05_probe_000548,composition_triple,A,114,105.667,8.333,A,"B,C",1.0,0.0
mdgo_v05_probe_000549,priority_pair,B,68,68.667,-0.667,C,"A,B,D",0.0,0.3333
mdgo_v05_probe_000550,priority_triple,C,94,100.333,-6.333,D,"B,C",0.0,0.5
mdgo_v05_probe_000551,drift_recent_override,D,47,42,5,D,"A,B,C",1.0,0.0
mdgo_v05_probe_000552,drift_composition,A,70,74.333,-4.333,C,B,0.0,0.0
mdgo_v05_probe_000553,drift_exception,B,54,42.667,11.333,B,C,1.0,0.0
mdgo_v05_probe_000554,false_personalization,C,53,54,-1,B,D,0.0,0.0
mdgo_v05_probe_000555,insufficient_evidence,D,56,58.667,-2.667,A,C,0.0,0.0
mdgo_v05_probe_000556,temporal_scope,A,65,69.667,-4.667,C,"A,B,D",0.0,0.3333
mdgo_v05_probe_000557,explicit_retrieval,B,80,77,3,B,D,1.0,0.0
mdgo_v05_probe_000558,long_gap_direct,C,39,38.667,0.333,"A,B,C",D,0.3333,0.0
mdgo_v05_probe_000559,implicit_direct,D,42,49,-7,C,D,0.0,1.0
mdgo_v05_probe_000560,boundary_near_miss,A,47,52.333,-5.333,C,A,0.0,1.0
mdgo_v05_probe_000561,boundary_plus_active,B,73,76.333,-3.333,C,B,0.0,1.0
mdgo_v05_probe_000562,exception_nested,C,50,39,11,C,A,1.0,0.0
mdgo_v05_probe_000563,exception_plus_active,D,74,72.667,1.333,C,B,0.0,0.0
mdgo_v05_probe_000564,composition_pair,A,75,70.333,4.667,C,B,0.0,0.0
mdgo_v05_probe_000565,composition_pair_2,B,67,75.667,-8.667,D,B,0.0,1.0
mdgo_v05_probe_000566,composition_triple,C,107,104.667,2.333,D,B,0.0,0.0
mdgo_v05_probe_000567,priority_pair,D,73,76.333,-3.333,C,D,0.0,1.0
mdgo_v05_probe_000568,priority_triple,A,101,94,7,A,C,1.0,0.0
mdgo_v05_probe_000569,drift_recent_override,B,55,41,14,B,"C,D",1.0,0.0
mdgo_v05_probe_000570,drift_composition,C,79,66.667,12.333,C,D,1.0,0.0
mdgo_v05_probe_000571,drift_exception,D,45,41.333,3.667,D,"A,B",1.0,0.0
mdgo_v05_probe_000572,false_personalization,A,56,51.333,4.667,D,C,0.0,0.0
mdgo_v05_probe_000573,insufficient_evidence,B,56,54.667,1.333,"B,D",A,0.5,0.0
mdgo_v05_probe_000574,temporal_scope,C,70,73,-3,D,B,0.0,0.0
mdgo_v05_probe_000575,explicit_retrieval,D,86,71.667,14.333,D,C,1.0,0.0
mdgo_v05_probe_000576,long_gap_direct,A,44,42.333,1.667,"A,B",D,0.5,0.0
mdgo_v05_probe_000577,implicit_direct,B,53,43.667,9.333,B,D,1.0,0.0
mdgo_v05_probe_000578,boundary_near_miss,C,49,44.667,4.333,D,B,0.0,0.0
mdgo_v05_probe_000579,boundary_plus_active,D,75,71.667,3.333,D,C,1.0,0.0
mdgo_v05_probe_000580,exception_nested,A,57,47.667,9.333,A,B,1.0,0.0
mdgo_v05_probe_000581,exception_plus_active,B,83,72.333,10.667,B,A,1.0,0.0
mdgo_v05_probe_000582,composition_pair,C,76,73.667,2.333,D,"A,B",0.0,0.0
mdgo_v05_probe_000583,composition_pair_2,D,79,63.667,15.333,D,B,1.0,0.0
mdgo_v05_probe_000584,composition_triple,A,99,98.333,0.667,"C,D",B,0.0,0.0
mdgo_v05_probe_000585,priority_pair,B,64,69,-5,A,B,0.0,1.0
mdgo_v05_probe_000586,priority_triple,C,108,98,10,C,A,1.0,0.0
mdgo_v05_probe_000587,drift_recent_override,D,41,39.333,1.667,D,B,1.0,0.0
mdgo_v05_probe_000588,drift_composition,A,65,72,-7,D,C,0.0,0.0
mdgo_v05_probe_000589,drift_exception,B,47,39.667,7.333,B,D,1.0,0.0
mdgo_v05_probe_000590,false_personalization,C,56,53.667,2.333,"C,D",B,0.5,0.0
mdgo_v05_probe_000591,insufficient_evidence,D,55,58.333,-3.333,C,B,0.0,0.0
mdgo_v05_probe_000592,temporal_scope,A,63,64,-1,D,B,0.0,0.0
mdgo_v05_probe_000593,explicit_retrieval,B,68,76.333,-8.333,A,B,0.0,1.0
mdgo_v05_probe_000594,long_gap_direct,C,41,40.333,0.667,D,A,0.0,0.0
mdgo_v05_probe_000595,implicit_direct,D,44,43.667,0.333,"B,C,D",A,0.3333,0.0
mdgo_v05_probe_000596,boundary_near_miss,A,45,39,6,A,C,1.0,0.0
mdgo_v05_probe_000597,boundary_plus_active,B,82,76,6,B,"C,D",1.0,0.0
mdgo_v05_probe_000598,exception_nested,C,42,43.667,-1.667,A,"B,C",0.0,0.5
mdgo_v05_probe_000599,exception_plus_active,D,75,69,6,D,A,1.0,0.0
mdgo_v05_probe_000600,composition_pair,A,70,77,-7,D,A,0.0,1.0
mdgo_v05_probe_000601,composition_pair_2,B,78,83.333,-5.333,A,B,0.0,1.0
mdgo_v05_probe_000602,composition_triple,C,102,103.667,-1.667,B,A,0.0,0.0
mdgo_v05_probe_000603,priority_pair,D,81,69.667,11.333,D,C,1.0,0.0
mdgo_v05_probe_000604,priority_triple,A,91,100.667,-9.667,D,A,0.0,1.0
mdgo_v05_probe_000605,drift_recent_override,B,39,41.333,-2.333,"A,C",B,0.0,1.0
mdgo_v05_probe_000606,drift_composition,C,65,70.667,-5.667,A,C,0.0,1.0
mdgo_v05_probe_000607,drift_exception,D,52,40.333,11.667,D,C,1.0,0.0
mdgo_v05_probe_000608,false_personalization,A,50,60.333,-10.333,C,A,0.0,1.0
mdgo_v05_probe_000609,insufficient_evidence,B,53,58.333,-5.333,A,B,0.0,1.0
mdgo_v05_probe_000610,temporal_scope,C,71,73.667,-2.667,A,B,0.0,0.0
mdgo_v05_probe_000611,explicit_retrieval,D,70,74.667,-4.667,B,A,0.0,0.0
mdgo_v05_probe_000612,long_gap_direct,A,47,41.333,5.667,A,B,1.0,0.0
mdgo_v05_probe_000613,implicit_direct,B,54,51.667,2.333,A,C,0.0,0.0
mdgo_v05_probe_000614,boundary_near_miss,C,55,46.333,8.667,C,"A,D",1.0,0.0
mdgo_v05_probe_000615,boundary_plus_active,D,66,69.333,-3.333,C,B,0.0,0.0
mdgo_v05_probe_000616,exception_nested,A,49,38.333,10.667,A,B,1.0,0.0
mdgo_v05_probe_000617,exception_plus_active,B,69,67.333,1.667,"A,B,C",D,0.3333,0.0
mdgo_v05_probe_000618,composition_pair,C,73,67.667,5.333,D,A,0.0,0.0
mdgo_v05_probe_000619,composition_pair_2,D,81,70.333,10.667,D,C,1.0,0.0
mdgo_v05_probe_000620,composition_triple,A,91,90.667,0.333,D,B,0.0,0.0
mdgo_v05_probe_000621,priority_pair,B,73,71.333,1.667,A,D,0.0,0.0
mdgo_v05_probe_000622,priority_triple,C,96,89,7,D,A,0.0,0.0
mdgo_v05_probe_000623,drift_recent_override,D,41,45.667,-4.667,B,C,0.0,0.0
mdgo_v05_probe_000624,drift_composition,A,75,67.667,7.333,"A,D",B,0.5,0.0
mdgo_v05_probe_000625,drift_exception,B,50,41.333,8.667,B,D,1.0,0.0
mdgo_v05_probe_000626,false_personalization,C,53,58,-5,D,C,0.0,1.0
mdgo_v05_probe_000627,insufficient_evidence,D,55,57.333,-2.333,B,"C,D",0.0,0.5
mdgo_v05_probe_000628,temporal_scope,A,71,71.667,-0.667,B,"C,D",0.0,0.0
mdgo_v05_probe_000629,explicit_retrieval,B,70,66.667,3.333,A,D,0.0,0.0
mdgo_v05_probe_000630,long_gap_direct,C,42,43.667,-1.667,B,A,0.0,0.0
mdgo_v05_probe_000631,implicit_direct,D,43,40,3,D,C,1.0,0.0
mdgo_v05_probe_000632,boundary_near_miss,A,52,56,-4,D,B,0.0,0.0
mdgo_v05_probe_000633,boundary_plus_active,B,75,76,-1,A,C,0.0,0.0
mdgo_v05_probe_000634,exception_nested,C,49,43.333,5.667,C,B,1.0,0.0
mdgo_v05_probe_000635,exception_plus_active,D,73,69,4,D,B,1.0,0.0
mdgo_v05_probe_000636,composition_pair,A,72,70,2,"A,C","B,D",0.5,0.0
mdgo_v05_probe_000637,composition_pair_2,B,78,72.667,5.333,A,C,0.0,0.0
mdgo_v05_probe_000638,composition_triple,C,110,100,10,C,D,1.0,0.0
mdgo_v05_probe_000639,priority_pair,D,70,71.667,-1.667,C,A,0.0,0.0
mdgo_v05_probe_000640,priority_triple,A,95,99,-4,B,"A,C",0.0,0.5
mdgo_v05_probe_000641,drift_recent_override,B,43,46.333,-3.333,C,D,0.0,0.0
mdgo_v05_probe_000642,drift_composition,C,67,67.333,-0.333,"B,D",A,0.0,0.0
mdgo_v05_probe_000643,drift_exception,D,56,39,17,D,A,1.0,0.0
mdgo_v05_probe_000644,false_personalization,A,53,59.667,-6.667,C,A,0.0,1.0
mdgo_v05_probe_000645,insufficient_evidence,B,55,54.333,0.667,D,A,0.0,0.0
mdgo_v05_probe_000646,temporal_scope,C,78,69,9,C,D,1.0,0.0
mdgo_v05_probe_000647,explicit_retrieval,D,74,77.667,-3.667,B,"C,D",0.0,0.5
mdgo_v05_probe_000648,long_gap_direct,A,46,44.333,1.667,A,"B,C",1.0,0.0
mdgo_v05_probe_000649,implicit_direct,B,47,45,2,D,C,0.0,0.0
mdgo_v05_probe_000650,boundary_near_miss,C,40,38,2,B,A,0.0,0.0
mdgo_v05_probe_000651,boundary_plus_active,D,57,65,-8,C,D,0.0,1.0
mdgo_v05_probe_000652,exception_nested,A,39,49,-10,"B,D",A,0.0,1.0
mdgo_v05_probe_000653,exception_plus_active,B,69,69,0,C,A,0.0,0.0
mdgo_v05_probe_000654,composition_pair,C,80,72.667,7.333,C,D,1.0,0.0
mdgo_v05_probe_000655,composition_pair_2,D,77,74.333,2.667,C,A,0.0,0.0
mdgo_v05_probe_000656,composition_triple,A,88,92.667,-4.667,B,D,0.0,0.0
mdgo_v05_probe_000657,priority_pair,B,68,64.667,3.333,A,D,0.0,0.0
mdgo_v05_probe_000658,priority_triple,C,94,102,-8,B,C,0.0,1.0
mdgo_v05_probe_000659,drift_recent_override,D,44,40.333,3.667,D,B,1.0,0.0
mdgo_v05_probe_000660,drift_composition,A,73,78.667,-5.667,B,A,0.0,1.0
mdgo_v05_probe_000661,drift_exception,B,41,45.333,-4.333,A,B,0.0,1.0
mdgo_v05_probe_000662,false_personalization,C,54,58.333,-4.333,"A,B",C,0.0,1.0
mdgo_v05_probe_000663,insufficient_evidence,D,65,68.333,-3.333,C,A,0.0,0.0
mdgo_v05_probe_000664,temporal_scope,A,79,71,8,B,D,0.0,0.0
mdgo_v05_probe_000665,explicit_retrieval,B,63,69,-6,A,B,0.0,1.0
mdgo_v05_probe_000666,long_gap_direct,C,39,47.667,-8.667,A,C,0.0,1.0
mdgo_v05_probe_000667,implicit_direct,D,59,53,6,C,A,0.0,0.0
mdgo_v05_probe_000668,boundary_near_miss,A,41,40.667,0.333,"B,D",C,0.0,0.0
mdgo_v05_probe_000669,boundary_plus_active,B,62,71,-9,D,B,0.0,1.0
mdgo_v05_probe_000670,exception_nested,C,40,44,-4,A,"B,C",0.0,0.5
mdgo_v05_probe_000671,exception_plus_active,D,62,64.333,-2.333,"A,C",D,0.0,1.0
mdgo_v05_probe_000672,composition_pair,A,65,61.333,3.667,"A,B",D,0.5,0.0
mdgo_v05_probe_000673,composition_pair_2,B,63,72,-9,C,B,0.0,1.0
mdgo_v05_probe_000674,composition_triple,C,87,90,-3,B,C,0.0,1.0
mdgo_v05_probe_000675,priority_pair,D,60,62.333,-2.333,A,"B,D",0.0,0.5
mdgo_v05_probe_000676,priority_triple,A,84,90.333,-6.333,B,A,0.0,1.0
mdgo_v05_probe_000677,drift_recent_override,B,53,40,13,B,D,1.0,0.0
mdgo_v05_probe_000678,drift_composition,C,79,73.333,5.667,C,B,1.0,0.0
mdgo_v05_probe_000679,drift_exception,D,52,38.667,13.333,D,"A,C",1.0,0.0
mdgo_v05_probe_000680,false_personalization,A,57,59.333,-2.333,D,"A,B",0.0,0.5
mdgo_v05_probe_000681,insufficient_evidence,B,68,72,-4,C,B,0.0,1.0
mdgo_v05_probe_000682,temporal_scope,C,62,62.333,-0.333,A,D,0.0,0.0
mdgo_v05_probe_000683,explicit_retrieval,D,61,65.667,-4.667,B,D,0.0,1.0
mdgo_v05_probe_000684,long_gap_direct,A,40,43.333,-3.333,C,"A,B",0.0,0.5
mdgo_v05_probe_000685,implicit_direct,B,41,41,0,C,D,0.0,0.0
mdgo_v05_probe_000686,boundary_near_miss,C,40,46.333,-6.333,A,B,0.0,0.0
mdgo_v05_probe_000687,boundary_plus_active,D,71,72,-1,B,C,0.0,0.0
mdgo_v05_probe_000688,exception_nested,A,38,40,-2,C,"A,B",0.0,0.5
mdgo_v05_probe_000689,exception_plus_active,B,65,70.667,-5.667,A,B,0.0,1.0
mdgo_v05_probe_000690,composition_pair,C,71,78.333,-7.333,A,C,0.0,1.0
mdgo_v05_probe_000691,composition_pair_2,D,77,67.333,9.667,D,A,1.0,0.0
mdgo_v05_probe_000692,composition_triple,A,98,100.333,-2.333,B,D,0.0,0.0
mdgo_v05_probe_000693,priority_pair,B,85,78.667,6.333,"B,C",A,0.5,0.0
mdgo_v05_probe_000694,priority_triple,C,94,91.667,2.333,"B,C",A,0.5,0.0
mdgo_v05_probe_000695,drift_recent_override,D,46,55.667,-9.667,C,D,0.0,1.0
mdgo_v05_probe_000696,drift_composition,A,82,72.333,9.667,A,C,1.0,0.0
mdgo_v05_probe_000697,drift_exception,B,54,49.667,4.333,C,D,0.0,0.0
mdgo_v05_probe_000698,false_personalization,C,54,52.333,1.667,B,D,0.0,0.0
mdgo_v05_probe_000699,insufficient_evidence,D,69,71.667,-2.667,A,D,0.0,1.0
mdgo_v05_probe_000700,temporal_scope,A,74,79.667,-5.667,B,C,0.0,0.0
mdgo_v05_probe_000701,explicit_retrieval,B,73,68.667,4.333,B,D,1.0,0.0
mdgo_v05_probe_000702,long_gap_direct,C,42,43,-1,D,A,0.0,0.0
mdgo_v05_probe_000703,implicit_direct,D,45,45,0,A,C,0.0,0.0
mdgo_v05_probe_000704,boundary_near_miss,A,40,43,-3,D,A,0.0,1.0
mdgo_v05_probe_000705,boundary_plus_active,B,62,76.667,-14.667,A,B,0.0,1.0
mdgo_v05_probe_000706,exception_nested,C,44,53.333,-9.333,B,C,0.0,1.0
mdgo_v05_probe_000707,exception_plus_active,D,79,76.667,2.333,"A,B,D",C,0.3333,0.0
mdgo_v05_probe_000708,composition_pair,A,81,75.667,5.333,A,D,1.0,0.0
mdgo_v05_probe_000709,composition_pair_2,B,66,68.667,-2.667,A,C,0.0,0.0
mdgo_v05_probe_000710,composition_triple,C,94,95,-1,D,B,0.0,0.0
mdgo_v05_probe_000711,priority_pair,D,69,71.667,-2.667,C,A,0.0,0.0
mdgo_v05_probe_000712,priority_triple,A,111,97.667,13.333,A,B,1.0,0.0
mdgo_v05_probe_000713,drift_recent_override,B,39,43.667,-4.667,D,A,0.0,0.0
mdgo_v05_probe_000714,drift_composition,C,70,69.333,0.667,A,D,0.0,0.0
mdgo_v05_probe_000715,drift_exception,D,53,45.667,7.333,"A,D",C,0.5,0.0
mdgo_v05_probe_000716,false_personalization,A,54,57.333,-3.333,"B,D","A,C",0.0,0.5
mdgo_v05_probe_000717,insufficient_evidence,B,68,72.333,-4.333,D,B,0.0,1.0
mdgo_v05_probe_000718,temporal_scope,C,72,72.667,-0.667,B,A,0.0,0.0
mdgo_v05_probe_000719,explicit_retrieval,D,67,71.333,-4.333,A,C,0.0,0.0
mdgo_v05_probe_000720,long_gap_direct,A,38,37,1,"A,C",B,0.5,0.0
mdgo_v05_probe_000721,implicit_direct,B,46,42,4,B,D,1.0,0.0
mdgo_v05_probe_000722,boundary_near_miss,C,50,46,4,A,"B,D",0.0,0.0
mdgo_v05_probe_000723,boundary_plus_active,D,76,74.333,1.667,B,C,0.0,0.0
mdgo_v05_probe_000724,exception_nested,A,46,39,7,A,D,1.0,0.0
mdgo_v05_probe_000725,exception_plus_active,B,80,72.333,7.667,B,C,1.0,0.0
mdgo_v05_probe_000726,composition_pair,C,76,68.667,7.333,C,B,1.0,0.0
mdgo_v05_probe_000727,composition_pair_2,D,70,62.667,7.333,B,C,0.0,0.0
mdgo_v05_probe_000728,composition_triple,A,91,94,-3,D,A,0.0,1.0
mdgo_v05_probe_000729,priority_pair,B,78,70.667,7.333,B,A,1.0,0.0
mdgo_v05_probe_000730,priority_triple,C,91,93.333,-2.333,B,D,0.0,0.0
mdgo_v05_probe_000731,drift_recent_override,D,52,40.667,11.333,D,B,1.0,0.0
mdgo_v05_probe_000732,drift_composition,A,67,68.333,-1.333,C,B,0.0,0.0
mdgo_v05_probe_000733,drift_exception,B,49,43.333,5.667,"A,B",C,0.5,0.0
mdgo_v05_probe_000734,false_personalization,C,55,60,-5,B,C,0.0,1.0
mdgo_v05_probe_000735,insufficient_evidence,D,69,71,-2,B,"A,C,D",0.0,0.3333
mdgo_v05_probe_000736,temporal_scope,A,76,72.333,3.667,D,C,0.0,0.0
mdgo_v05_probe_000737,explicit_retrieval,B,63,67.333,-4.333,"C,D",B,0.0,1.0
mdgo_v05_probe_000738,long_gap_direct,C,53,45.667,7.333,B,A,0.0,0.0
mdgo_v05_probe_000739,implicit_direct,D,54,52,2,C,A,0.0,0.0
mdgo_v05_probe_000740,boundary_near_miss,A,44,41,3,D,"B,C",0.0,0.0
mdgo_v05_probe_000741,boundary_plus_active,B,65,70,-5,"A,C",B,0.0,1.0
mdgo_v05_probe_000742,exception_nested,C,43,43,0,B,D,0.0,0.0
mdgo_v05_probe_000743,exception_plus_active,D,78,67,11,D,"A,C",1.0,0.0
mdgo_v05_probe_000744,composition_pair,A,73,73.333,-0.333,B,C,0.0,0.0
mdgo_v05_probe_000745,composition_pair_2,B,62,64,-2,C,B,0.0,1.0
mdgo_v05_probe_000746,composition_triple,C,87,100.667,-13.667,B,C,0.0,1.0
mdgo_v05_probe_000747,priority_pair,D,67,68,-1,A,B,0.0,0.0
mdgo_v05_probe_000748,priority_triple,A,87,92.667,-5.667,D,C,0.0,0.0
mdgo_v05_probe_000749,drift_recent_override,B,47,38.667,8.333,B,"C,D",1.0,0.0
mdgo_v05_probe_000750,drift_composition,C,64,66.667,-2.667,A,B,0.0,0.0
mdgo_v05_probe_000751,drift_exception,D,38,42,-4,B,"A,D",0.0,0.5
mdgo_v05_probe_000752,false_personalization,A,55,59.333,-4.333,"B,D",A,0.0,1.0
mdgo_v05_probe_000753,insufficient_evidence,B,70,74,-4,C,B,0.0,1.0
mdgo_v05_probe_000754,temporal_scope,C,61,64,-3,D,C,0.0,1.0
mdgo_v05_probe_000755,explicit_retrieval,D,63,68.667,-5.667,A,D,0.0,1.0
mdgo_v05_probe_000756,long_gap_direct,A,56,42,14,A,D,1.0,0.0
mdgo_v05_probe_000757,implicit_direct,B,40,41.667,-1.667,D,B,0.0,1.0
mdgo_v05_probe_000758,boundary_near_miss,C,56,40.667,15.333,C,A,1.0,0.0
mdgo_v05_probe_000759,boundary_plus_active,D,63,66.333,-3.333,"A,B",D,0.0,1.0
mdgo_v05_probe_000760,exception_nested,A,36,43.333,-7.333,D,A,0.0,1.0
mdgo_v05_probe_000761,exception_plus_active,B,69,74.667,-5.667,A,"B,D",0.0,0.5
mdgo_v05_probe_000762,composition_pair,C,77,65.333,11.667,C,D,1.0,0.0
mdgo_v05_probe_000763,composition_pair_2,D,79,69.333,9.667,D,B,1.0,0.0
mdgo_v05_probe_000764,composition_triple,A,89,97.333,-8.333,B,A,0.0,1.0
mdgo_v05_probe_000765,priority_pair,B,67,72.333,-5.333,D,B,0.0,1.0
mdgo_v05_probe_000766,priority_triple,C,91,90.667,0.333,A,D,0.0,0.0
mdgo_v05_probe_000767,drift_recent_override,D,42,40.333,1.667,"A,D",C,0.5,0.0
mdgo_v05_probe_000768,drift_composition,A,71,70.667,0.333,D,B,0.0,0.0
mdgo_v05_probe_000769,drift_exception,B,52,40.333,11.667,B,C,1.0,0.0
mdgo_v05_probe_000770,false_personalization,C,54,57,-3,D,C,0.0,1.0
mdgo_v05_probe_000771,insufficient_evidence,D,68,74,-6,C,D,0.0,1.0
mdgo_v05_probe_000772,temporal_scope,A,75,69.333,5.667,C,B,0.0,0.0
mdgo_v05_probe_000773,explicit_retrieval,B,66,69.333,-3.333,D,"A,B",0.0,0.5
mdgo_v05_probe_000774,long_gap_direct,C,42,46,-4,"A,B",D,0.0,0.0
mdgo_v05_probe_000775,implicit_direct,D,40,40,0,A,C,0.0,0.0
mdgo_v05_probe_000776,boundary_near_miss,A,48,42,6,A,D,1.0,0.0
mdgo_v05_probe_000777,boundary_plus_active,B,66,69.333,-3.333,A,"C,D",0.0,0.0
mdgo_v05_probe_000778,exception_nested,C,49,48,1,D,A,0.0,0.0
mdgo_v05_probe_000779,exception_plus_active,D,81,78,3,D,B,1.0,0.0
mdgo_v05_probe_000780,composition_pair,A,80,72,8,A,C,1.0,0.0
mdgo_v05_probe_000781,composition_pair_2,B,79,73,6,B,C,1.0,0.0
mdgo_v05_probe_000782,composition_triple,C,105,99.667,5.333,C,A,1.0,0.0
mdgo_v05_probe_000783,priority_pair,D,73,80.667,-7.667,C,D,0.0,1.0
mdgo_v05_probe_000784,priority_triple,A,99,89.333,9.667,A,"B,C",1.0,0.0
mdgo_v05_probe_000785,drift_recent_override,B,44,51.667,-7.667,C,"B,D",0.0,0.5
mdgo_v05_probe_000786,drift_composition,C,66,63.667,2.333,"B,C",D,0.5,0.0
mdgo_v05_probe_000787,drift_exception,D,59,47.667,11.333,D,B,1.0,0.0
mdgo_v05_probe_000788,false_personalization,A,55,55.667,-0.667,B,D,0.0,0.0
mdgo_v05_probe_000789,insufficient_evidence,B,69,64,5,A,"C,D",0.0,0.0
mdgo_v05_probe_000790,temporal_scope,C,73,64,9,C,D,1.0,0.0
mdgo_v05_probe_000791,explicit_retrieval,D,73,74.333,-1.333,C,B,0.0,0.0
mdgo_v05_probe_000792,long_gap_direct,A,53,42.667,10.333,A,B,1.0,0.0
mdgo_v05_probe_000793,implicit_direct,B,44,45.333,-1.333,D,"A,C",0.0,0.0
mdgo_v05_probe_000794,boundary_near_miss,C,40,49,-9,D,C,0.0,1.0
mdgo_v05_probe_000795,boundary_plus_active,D,77,69.333,7.667,C,B,0.0,0.0
mdgo_v05_probe_000796,exception_nested,A,41,49.667,-8.667,D,A,0.0,1.0
mdgo_v05_probe_000797,exception_plus_active,B,66,74,-8,C,B,0.0,1.0
mdgo_v05_probe_000798,composition_pair,C,65,65.667,-0.667,B,A,0.0,0.0
mdgo_v05_probe_000799,composition_pair_2,D,80,65.667,14.333,D,A,1.0,0.0
mdgo_v05_probe_000800,composition_triple,A,88,90,-2,C,D,0.0,0.0
mdgo_v05_probe_000801,priority_pair,B,61,63,-2,A,D,0.0,0.0
mdgo_v05_probe_000802,priority_triple,C,87,83.667,3.333,"C,D",B,0.5,0.0
mdgo_v05_probe_000803,drift_recent_override,D,54,44,10,D,A,1.0,0.0
mdgo_v05_probe_000804,drift_composition,A,64,66.333,-2.333,C,A,0.0,1.0
mdgo_v05_probe_000805,drift_exception,B,41,39.667,1.333,"A,B",D,0.5,0.0
mdgo_v05_probe_000806,false_personalization,C,51,56.333,-5.333,D,C,0.0,1.0
mdgo_v05_probe_000807,insufficient_evidence,D,69,72.333,-3.333,B,"C,D",0.0,0.5
mdgo_v05_probe_000808,temporal_scope,A,65,68.667,-3.667,B,A,0.0,1.0
mdgo_v05_probe_000809,explicit_retrieval,B,65,65,0,D,C,0.0,0.0
