probe_id,user_id,probe_type,target_habit_count,evidence_count,max_evidence_distance,median_evidence_distance,query_token_estimate
mdgo_v05_probe_000000,mdgo_v05_fin_user_0000,long_gap_direct,1,4,291,189.0,423
mdgo_v05_probe_000001,mdgo_v05_fin_user_0000,implicit_direct,1,4,112,65.5,395
mdgo_v05_probe_000002,mdgo_v05_fin_user_0000,boundary_near_miss,1,1,192,192,420
mdgo_v05_probe_000003,mdgo_v05_fin_user_0000,boundary_plus_active,2,5,192,80,672
mdgo_v05_probe_000004,mdgo_v05_fin_user_0000,exception_nested,1,1,122,122,430
mdgo_v05_probe_000005,mdgo_v05_fin_user_0000,exception_plus_active,2,11,297,86,574
mdgo_v05_probe_000006,mdgo_v05_fin_user_0000,composition_pair,2,6,141,70.5,596
mdgo_v05_probe_000007,mdgo_v05_fin_user_0000,composition_pair_2,2,11,296,85,626
mdgo_v05_probe_000008,mdgo_v05_fin_user_0000,composition_triple,3,11,296,156,726
mdgo_v05_probe_000009,mdgo_v05_fin_user_0000,priority_pair,2,12,296,90.5,636
mdgo_v05_probe_000010,mdgo_v05_fin_user_0000,priority_triple,3,16,296,102.5,874
mdgo_v05_probe_000011,mdgo_v05_fin_user_0000,drift_recent_override,1,4,109,62.5,403
mdgo_v05_probe_000012,mdgo_v05_fin_user_0000,drift_composition,2,11,296,85,620
mdgo_v05_probe_000013,mdgo_v05_fin_user_0000,drift_exception,1,5,109,45,406
mdgo_v05_probe_000014,mdgo_v05_fin_user_0000,false_personalization,1,0,,,439
mdgo_v05_probe_000015,mdgo_v05_fin_user_0000,insufficient_evidence,1,1,265,265,466
mdgo_v05_probe_000016,mdgo_v05_fin_user_0000,temporal_scope,2,9,296,85,624
mdgo_v05_probe_000017,mdgo_v05_fin_user_0000,explicit_retrieval,2,4,291,189.0,612
mdgo_v05_probe_000018,mdgo_v05_fin_user_0001,long_gap_direct,1,0,,,388
mdgo_v05_probe_000019,mdgo_v05_fin_user_0001,implicit_direct,1,5,295,155,429
mdgo_v05_probe_000020,mdgo_v05_fin_user_0001,boundary_near_miss,1,0,,,396
mdgo_v05_probe_000021,mdgo_v05_fin_user_0001,boundary_plus_active,2,0,,,622
mdgo_v05_probe_000022,mdgo_v05_fin_user_0001,exception_nested,1,1,121,121,388
mdgo_v05_probe_000023,mdgo_v05_fin_user_0001,exception_plus_active,2,6,295,137.5,617
mdgo_v05_probe_000024,mdgo_v05_fin_user_0001,composition_pair,2,4,211,158.5,597
mdgo_v05_probe_000025,mdgo_v05_fin_user_0001,composition_pair_2,2,7,112,71,538
mdgo_v05_probe_000026,mdgo_v05_fin_user_0001,composition_triple,3,13,296,85,713
mdgo_v05_probe_000027,mdgo_v05_fin_user_0001,priority_pair,2,9,295,96,573
mdgo_v05_probe_000028,mdgo_v05_fin_user_0001,priority_triple,3,13,295,84,765
mdgo_v05_probe_000029,mdgo_v05_fin_user_0001,drift_recent_override,1,4,112,65.5,446
mdgo_v05_probe_000030,mdgo_v05_fin_user_0001,drift_composition,2,8,296,131.0,586
mdgo_v05_probe_000031,mdgo_v05_fin_user_0001,drift_exception,1,5,112,48,399
mdgo_v05_probe_000032,mdgo_v05_fin_user_0001,false_personalization,1,0,,,439
mdgo_v05_probe_000033,mdgo_v05_fin_user_0001,insufficient_evidence,1,1,269,269,440
mdgo_v05_probe_000034,mdgo_v05_fin_user_0001,temporal_scope,2,10,296,155.5,637
mdgo_v05_probe_000035,mdgo_v05_fin_user_0001,explicit_retrieval,2,5,295,155,559
mdgo_v05_probe_000036,mdgo_v05_fin_user_0002,long_gap_direct,1,0,,,424
mdgo_v05_probe_000037,mdgo_v05_fin_user_0002,implicit_direct,1,4,107,60.5,412
mdgo_v05_probe_000038,mdgo_v05_fin_user_0002,boundary_near_miss,1,1,194,194,388
mdgo_v05_probe_000039,mdgo_v05_fin_user_0002,boundary_plus_active,2,6,293,173.5,563
mdgo_v05_probe_000040,mdgo_v05_fin_user_0002,exception_nested,1,0,,,394
mdgo_v05_probe_000041,mdgo_v05_fin_user_0002,exception_plus_active,2,11,296,85,639
mdgo_v05_probe_000042,mdgo_v05_fin_user_0002,composition_pair,2,9,293,141,644
mdgo_v05_probe_000043,mdgo_v05_fin_user_0002,composition_pair_2,2,13,293,110,653
mdgo_v05_probe_000044,mdgo_v05_fin_user_0002,composition_triple,3,15,296,153,745
mdgo_v05_probe_000045,mdgo_v05_fin_user_0002,priority_pair,2,13,296,85,601
mdgo_v05_probe_000046,mdgo_v05_fin_user_0002,priority_triple,3,17,296,81,805
mdgo_v05_probe_000047,mdgo_v05_fin_user_0002,drift_recent_override,1,4,107,60.5,394
mdgo_v05_probe_000048,mdgo_v05_fin_user_0002,drift_composition,2,12,296,97.5,595
mdgo_v05_probe_000049,mdgo_v05_fin_user_0002,drift_exception,1,5,107,43,419
mdgo_v05_probe_000050,mdgo_v05_fin_user_0002,false_personalization,1,0,,,435
mdgo_v05_probe_000051,mdgo_v05_fin_user_0002,insufficient_evidence,1,1,265,265,480
mdgo_v05_probe_000052,mdgo_v05_fin_user_0002,temporal_scope,2,5,296,156,616
mdgo_v05_probe_000053,mdgo_v05_fin_user_0002,explicit_retrieval,2,4,110,63.5,639
mdgo_v05_probe_000054,mdgo_v05_fin_user_0003,long_gap_direct,1,4,110,63.5,396
mdgo_v05_probe_000055,mdgo_v05_fin_user_0003,implicit_direct,1,5,295,155,449
mdgo_v05_probe_000056,mdgo_v05_fin_user_0003,boundary_near_miss,1,1,196,196,437
mdgo_v05_probe_000057,mdgo_v05_fin_user_0003,boundary_plus_active,2,8,295,174.5,613
mdgo_v05_probe_000058,mdgo_v05_fin_user_0003,exception_nested,1,0,,,426
mdgo_v05_probe_000059,mdgo_v05_fin_user_0003,exception_plus_active,2,7,297,122,597
mdgo_v05_probe_000060,mdgo_v05_fin_user_0003,composition_pair,2,10,295,148.0,636
mdgo_v05_probe_000061,mdgo_v05_fin_user_0003,composition_pair_2,2,13,295,154,571
mdgo_v05_probe_000062,mdgo_v05_fin_user_0003,composition_triple,3,16,295,82.5,787
mdgo_v05_probe_000063,mdgo_v05_fin_user_0003,priority_pair,2,10,134,69.5,639
mdgo_v05_probe_000064,mdgo_v05_fin_user_0003,priority_triple,3,17,297,96,808
mdgo_v05_probe_000065,mdgo_v05_fin_user_0003,drift_recent_override,1,3,112,48,384
mdgo_v05_probe_000066,mdgo_v05_fin_user_0003,drift_composition,2,13,294,83,593
mdgo_v05_probe_000067,mdgo_v05_fin_user_0003,drift_exception,1,4,112,40.0,393
mdgo_v05_probe_000068,mdgo_v05_fin_user_0003,false_personalization,1,0,,,440
mdgo_v05_probe_000069,mdgo_v05_fin_user_0003,insufficient_evidence,1,1,264,264,446
mdgo_v05_probe_000070,mdgo_v05_fin_user_0003,temporal_scope,2,10,295,154.5,653
mdgo_v05_probe_000071,mdgo_v05_fin_user_0003,explicit_retrieval,2,6,294,118.5,646
mdgo_v05_probe_000072,mdgo_v05_fin_user_0004,long_gap_direct,1,0,,,385
mdgo_v05_probe_000073,mdgo_v05_fin_user_0004,implicit_direct,1,5,297,157,439
mdgo_v05_probe_000074,mdgo_v05_fin_user_0004,boundary_near_miss,1,1,191,191,485
mdgo_v05_probe_000075,mdgo_v05_fin_user_0004,boundary_plus_active,2,5,192,80,568
mdgo_v05_probe_000076,mdgo_v05_fin_user_0004,exception_nested,1,1,29,29,434
mdgo_v05_probe_000077,mdgo_v05_fin_user_0004,exception_plus_active,2,10,109,44.5,604
mdgo_v05_probe_000078,mdgo_v05_fin_user_0004,composition_pair,2,8,211,93.0,587
mdgo_v05_probe_000079,mdgo_v05_fin_user_0004,composition_pair_2,2,8,292,146.5,653
mdgo_v05_probe_000080,mdgo_v05_fin_user_0004,composition_triple,3,15,292,106,765
mdgo_v05_probe_000081,mdgo_v05_fin_user_0004,priority_pair,2,8,134,68.5,626
mdgo_v05_probe_000082,mdgo_v05_fin_user_0004,priority_triple,3,8,134,68.5,801
mdgo_v05_probe_000083,mdgo_v05_fin_user_0004,drift_recent_override,1,4,108,61.5,438
mdgo_v05_probe_000084,mdgo_v05_fin_user_0004,drift_composition,2,13,297,86,559
mdgo_v05_probe_000085,mdgo_v05_fin_user_0004,drift_exception,1,5,108,44,398
mdgo_v05_probe_000086,mdgo_v05_fin_user_0004,false_personalization,1,0,,,437
mdgo_v05_probe_000087,mdgo_v05_fin_user_0004,insufficient_evidence,1,1,266,266,462
mdgo_v05_probe_000088,mdgo_v05_fin_user_0004,temporal_scope,2,9,297,86,572
mdgo_v05_probe_000089,mdgo_v05_fin_user_0004,explicit_retrieval,2,4,108,61.5,651
mdgo_v05_probe_000090,mdgo_v05_fin_user_0005,long_gap_direct,1,4,110,63.5,389
mdgo_v05_probe_000091,mdgo_v05_fin_user_0005,implicit_direct,1,5,297,157,427
mdgo_v05_probe_000092,mdgo_v05_fin_user_0005,boundary_near_miss,1,1,193,193,402
mdgo_v05_probe_000093,mdgo_v05_fin_user_0005,boundary_plus_active,2,11,297,108,625
mdgo_v05_probe_000094,mdgo_v05_fin_user_0005,exception_nested,1,1,116,116,401
mdgo_v05_probe_000095,mdgo_v05_fin_user_0005,exception_plus_active,2,11,291,80,590
mdgo_v05_probe_000096,mdgo_v05_fin_user_0005,composition_pair,2,12,297,97.0,597
mdgo_v05_probe_000097,mdgo_v05_fin_user_0005,composition_pair_2,2,13,297,86,590
mdgo_v05_probe_000098,mdgo_v05_fin_user_0005,composition_triple,3,12,211,75.0,763
mdgo_v05_probe_000099,mdgo_v05_fin_user_0005,priority_pair,2,9,291,96,652
mdgo_v05_probe_000100,mdgo_v05_fin_user_0005,priority_triple,3,14,297,115.0,852
mdgo_v05_probe_000101,mdgo_v05_fin_user_0005,drift_recent_override,1,4,110,63.5,395
mdgo_v05_probe_000102,mdgo_v05_fin_user_0005,drift_composition,2,12,211,75.0,593
mdgo_v05_probe_000103,mdgo_v05_fin_user_0005,drift_exception,1,5,110,46,371
mdgo_v05_probe_000104,mdgo_v05_fin_user_0005,false_personalization,1,0,,,424
mdgo_v05_probe_000105,mdgo_v05_fin_user_0005,insufficient_evidence,1,1,271,271,489
mdgo_v05_probe_000106,mdgo_v05_fin_user_0005,temporal_scope,2,9,297,86,600
mdgo_v05_probe_000107,mdgo_v05_fin_user_0005,explicit_retrieval,2,4,110,63.5,653
mdgo_v05_probe_000108,mdgo_v05_fin_user_0006,long_gap_direct,1,5,294,154,417
mdgo_v05_probe_000109,mdgo_v05_fin_user_0006,implicit_direct,1,4,293,191.0,441
mdgo_v05_probe_000110,mdgo_v05_fin_user_0006,boundary_near_miss,1,0,,,456
mdgo_v05_probe_000111,mdgo_v05_fin_user_0006,boundary_plus_active,2,9,293,107,648
mdgo_v05_probe_000112,mdgo_v05_fin_user_0006,exception_nested,1,0,,,402
mdgo_v05_probe_000113,mdgo_v05_fin_user_0006,exception_plus_active,2,11,296,85,581
mdgo_v05_probe_000114,mdgo_v05_fin_user_0006,composition_pair,2,9,293,107,622
mdgo_v05_probe_000115,mdgo_v05_fin_user_0006,composition_pair_2,2,6,211,92.5,651
mdgo_v05_probe_000116,mdgo_v05_fin_user_0006,composition_triple,3,10,293,96.5,756
mdgo_v05_probe_000117,mdgo_v05_fin_user_0006,priority_pair,2,9,294,96,661
mdgo_v05_probe_000118,mdgo_v05_fin_user_0006,priority_triple,3,13,294,134,829
mdgo_v05_probe_000119,mdgo_v05_fin_user_0006,drift_recent_override,1,4,107,60.5,438
mdgo_v05_probe_000120,mdgo_v05_fin_user_0006,drift_composition,2,13,296,111,628
mdgo_v05_probe_000121,mdgo_v05_fin_user_0006,drift_exception,1,5,107,43,400
mdgo_v05_probe_000122,mdgo_v05_fin_user_0006,false_personalization,1,0,,,448
mdgo_v05_probe_000123,mdgo_v05_fin_user_0006,insufficient_evidence,1,1,267,267,479
mdgo_v05_probe_000124,mdgo_v05_fin_user_0006,temporal_scope,2,9,296,85,683
mdgo_v05_probe_000125,mdgo_v05_fin_user_0006,explicit_retrieval,2,4,293,191.0,637
mdgo_v05_probe_000126,mdgo_v05_fin_user_0007,long_gap_direct,1,5,292,152,475
mdgo_v05_probe_000127,mdgo_v05_fin_user_0007,implicit_direct,1,4,107,60.5,446
mdgo_v05_probe_000128,mdgo_v05_fin_user_0007,boundary_near_miss,1,1,194,194,414
mdgo_v05_probe_000129,mdgo_v05_fin_user_0007,boundary_plus_active,2,11,296,107,618
mdgo_v05_probe_000130,mdgo_v05_fin_user_0007,exception_nested,1,1,29,29,393
mdgo_v05_probe_000131,mdgo_v05_fin_user_0007,exception_plus_active,2,11,292,151,633
mdgo_v05_probe_000132,mdgo_v05_fin_user_0007,composition_pair,2,12,296,81.5,637
mdgo_v05_probe_000133,mdgo_v05_fin_user_0007,composition_pair_2,2,14,292,106.5,606
mdgo_v05_probe_000134,mdgo_v05_fin_user_0007,composition_triple,3,17,291,80,788
mdgo_v05_probe_000135,mdgo_v05_fin_user_0007,priority_pair,2,12,291,87.0,633
mdgo_v05_probe_000136,mdgo_v05_fin_user_0007,priority_triple,3,16,291,79.0,848
mdgo_v05_probe_000137,mdgo_v05_fin_user_0007,drift_recent_override,1,4,109,62.5,416
mdgo_v05_probe_000138,mdgo_v05_fin_user_0007,drift_composition,2,12,176,74.5,614
mdgo_v05_probe_000139,mdgo_v05_fin_user_0007,drift_exception,1,5,109,45,413
mdgo_v05_probe_000140,mdgo_v05_fin_user_0007,false_personalization,1,0,,,476
mdgo_v05_probe_000141,mdgo_v05_fin_user_0007,insufficient_evidence,1,1,268,268,469
mdgo_v05_probe_000142,mdgo_v05_fin_user_0007,temporal_scope,2,9,296,85,595
mdgo_v05_probe_000143,mdgo_v05_fin_user_0007,explicit_retrieval,2,8,291,94.5,606
mdgo_v05_probe_000144,mdgo_v05_fin_user_0008,long_gap_direct,1,4,107,60.5,455
mdgo_v05_probe_000145,mdgo_v05_fin_user_0008,implicit_direct,1,4,108,61.5,448
mdgo_v05_probe_000146,mdgo_v05_fin_user_0008,boundary_near_miss,1,0,,,440
mdgo_v05_probe_000147,mdgo_v05_fin_user_0008,boundary_plus_active,2,9,290,107,625
mdgo_v05_probe_000148,mdgo_v05_fin_user_0008,exception_nested,1,1,28,28,448
mdgo_v05_probe_000149,mdgo_v05_fin_user_0008,exception_plus_active,2,11,291,80,583
mdgo_v05_probe_000150,mdgo_v05_fin_user_0008,composition_pair,2,10,290,92.0,619
mdgo_v05_probe_000151,mdgo_v05_fin_user_0008,composition_pair_2,2,14,292,146.0,578
mdgo_v05_probe_000152,mdgo_v05_fin_user_0008,composition_triple,3,17,292,106,802
mdgo_v05_probe_000153,mdgo_v05_fin_user_0008,priority_pair,2,13,291,80,619
mdgo_v05_probe_000154,mdgo_v05_fin_user_0008,priority_triple,3,16,290,78.5,815
mdgo_v05_probe_000155,mdgo_v05_fin_user_0008,drift_recent_override,1,4,107,60.5,441
mdgo_v05_probe_000156,mdgo_v05_fin_user_0008,drift_composition,2,12,292,94.5,598
mdgo_v05_probe_000157,mdgo_v05_fin_user_0008,drift_exception,1,5,107,43,435
mdgo_v05_probe_000158,mdgo_v05_fin_user_0008,false_personalization,1,0,,,451
mdgo_v05_probe_000159,mdgo_v05_fin_user_0008,insufficient_evidence,1,1,272,272,461
mdgo_v05_probe_000160,mdgo_v05_fin_user_0008,temporal_scope,2,8,290,93.5,669
mdgo_v05_probe_000161,mdgo_v05_fin_user_0008,explicit_retrieval,2,5,291,151,685
mdgo_v05_probe_000162,mdgo_v05_fin_user_0009,long_gap_direct,1,5,295,155,424
mdgo_v05_probe_000163,mdgo_v05_fin_user_0009,implicit_direct,1,5,297,157,434
mdgo_v05_probe_000164,mdgo_v05_fin_user_0009,boundary_near_miss,1,1,193,193,430
mdgo_v05_probe_000165,mdgo_v05_fin_user_0009,boundary_plus_active,2,10,297,131.5,655
mdgo_v05_probe_000166,mdgo_v05_fin_user_0009,exception_nested,1,0,,,473
mdgo_v05_probe_000167,mdgo_v05_fin_user_0009,exception_plus_active,2,10,292,93.5,595
mdgo_v05_probe_000168,mdgo_v05_fin_user_0009,composition_pair,2,10,297,96.0,609
mdgo_v05_probe_000169,mdgo_v05_fin_user_0009,composition_pair_2,2,6,176,91.5,725
mdgo_v05_probe_000170,mdgo_v05_fin_user_0009,composition_triple,3,12,211,78.0,827
mdgo_v05_probe_000171,mdgo_v05_fin_user_0009,priority_pair,2,12,295,90.0,679
mdgo_v05_probe_000172,mdgo_v05_fin_user_0009,priority_triple,3,17,295,96,821
mdgo_v05_probe_000173,mdgo_v05_fin_user_0009,drift_recent_override,1,4,108,61.5,435
mdgo_v05_probe_000174,mdgo_v05_fin_user_0009,drift_composition,2,10,297,96.0,581
mdgo_v05_probe_000175,mdgo_v05_fin_user_0009,drift_exception,1,5,108,44,454
mdgo_v05_probe_000176,mdgo_v05_fin_user_0009,false_personalization,1,0,,,431
mdgo_v05_probe_000177,mdgo_v05_fin_user_0009,insufficient_evidence,1,1,272,272,460
mdgo_v05_probe_000178,mdgo_v05_fin_user_0009,temporal_scope,2,8,297,96.0,655
mdgo_v05_probe_000179,mdgo_v05_fin_user_0009,explicit_retrieval,2,4,108,61.5,655
mdgo_v05_probe_000180,mdgo_v05_fin_user_0010,long_gap_direct,1,5,291,151,422
mdgo_v05_probe_000181,mdgo_v05_fin_user_0010,implicit_direct,1,4,108,61.5,424
mdgo_v05_probe_000182,mdgo_v05_fin_user_0010,boundary_near_miss,1,0,,,494
mdgo_v05_probe_000183,mdgo_v05_fin_user_0010,boundary_plus_active,2,11,291,112,592
mdgo_v05_probe_000184,mdgo_v05_fin_user_0010,exception_nested,1,1,119,119,429
mdgo_v05_probe_000185,mdgo_v05_fin_user_0010,exception_plus_active,2,11,295,84,595
mdgo_v05_probe_000186,mdgo_v05_fin_user_0010,composition_pair,2,13,291,83,629
mdgo_v05_probe_000187,mdgo_v05_fin_user_0010,composition_pair_2,2,12,297,99.0,662
mdgo_v05_probe_000188,mdgo_v05_fin_user_0010,composition_triple,3,16,294,81.0,851
mdgo_v05_probe_000189,mdgo_v05_fin_user_0010,priority_pair,2,11,134,79,614
mdgo_v05_probe_000190,mdgo_v05_fin_user_0010,priority_triple,3,14,297,155.5,806
mdgo_v05_probe_000191,mdgo_v05_fin_user_0010,drift_recent_override,1,4,108,61.5,415
mdgo_v05_probe_000192,mdgo_v05_fin_user_0010,drift_composition,2,12,211,75.0,600
mdgo_v05_probe_000193,mdgo_v05_fin_user_0010,drift_exception,1,5,108,44,402
mdgo_v05_probe_000194,mdgo_v05_fin_user_0010,false_personalization,1,0,,,446
mdgo_v05_probe_000195,mdgo_v05_fin_user_0010,insufficient_evidence,1,1,268,268,488
mdgo_v05_probe_000196,mdgo_v05_fin_user_0010,temporal_scope,2,9,297,86,605
mdgo_v05_probe_000197,mdgo_v05_fin_user_0010,explicit_retrieval,2,8,294,97.5,636
mdgo_v05_probe_000198,mdgo_v05_fin_user_0011,long_gap_direct,1,3,112,48,438
mdgo_v05_probe_000199,mdgo_v05_fin_user_0011,implicit_direct,1,5,293,153,438
mdgo_v05_probe_000200,mdgo_v05_fin_user_0011,boundary_near_miss,1,1,197,197,420
mdgo_v05_probe_000201,mdgo_v05_fin_user_0011,boundary_plus_active,2,12,296,175.5,668
mdgo_v05_probe_000202,mdgo_v05_fin_user_0011,exception_nested,1,1,118,118,380
mdgo_v05_probe_000203,mdgo_v05_fin_user_0011,exception_plus_active,2,12,296,136.5,666
mdgo_v05_probe_000204,mdgo_v05_fin_user_0011,composition_pair,2,14,296,155.0,684
mdgo_v05_probe_000205,mdgo_v05_fin_user_0011,composition_pair_2,2,10,293,97.0,597
mdgo_v05_probe_000206,mdgo_v05_fin_user_0011,composition_triple,3,16,293,94.0,756
mdgo_v05_probe_000207,mdgo_v05_fin_user_0011,priority_pair,2,11,292,96,616
mdgo_v05_probe_000208,mdgo_v05_fin_user_0011,priority_triple,3,15,292,81,823
mdgo_v05_probe_000209,mdgo_v05_fin_user_0011,drift_recent_override,1,4,106,59.5,441
mdgo_v05_probe_000210,mdgo_v05_fin_user_0011,drift_composition,2,12,294,126.5,651
mdgo_v05_probe_000211,mdgo_v05_fin_user_0011,drift_exception,1,5,106,42,387
mdgo_v05_probe_000212,mdgo_v05_fin_user_0011,false_personalization,1,0,,,431
mdgo_v05_probe_000213,mdgo_v05_fin_user_0011,insufficient_evidence,1,1,266,266,474
mdgo_v05_probe_000214,mdgo_v05_fin_user_0011,temporal_scope,2,10,296,155.0,681
mdgo_v05_probe_000215,mdgo_v05_fin_user_0011,explicit_retrieval,2,9,292,81,655
mdgo_v05_probe_000216,mdgo_v05_fin_user_0012,long_gap_direct,1,5,296,156,451
mdgo_v05_probe_000217,mdgo_v05_fin_user_0012,implicit_direct,1,4,110,63.5,446
mdgo_v05_probe_000218,mdgo_v05_fin_user_0012,boundary_near_miss,1,1,191,191,416
mdgo_v05_probe_000219,mdgo_v05_fin_user_0012,boundary_plus_active,2,11,291,110,634
mdgo_v05_probe_000220,mdgo_v05_fin_user_0012,exception_nested,1,1,116,116,422
mdgo_v05_probe_000221,mdgo_v05_fin_user_0012,exception_plus_active,2,11,297,86,619
mdgo_v05_probe_000222,mdgo_v05_fin_user_0012,composition_pair,2,11,291,106,675
mdgo_v05_probe_000223,mdgo_v05_fin_user_0012,composition_pair_2,2,15,297,106,664
mdgo_v05_probe_000224,mdgo_v05_fin_user_0012,composition_triple,3,19,294,106,804
mdgo_v05_probe_000225,mdgo_v05_fin_user_0012,priority_pair,2,12,296,90.5,693
mdgo_v05_probe_000226,mdgo_v05_fin_user_0012,priority_triple,3,15,294,83,836
mdgo_v05_probe_000227,mdgo_v05_fin_user_0012,drift_recent_override,1,4,110,63.5,416
mdgo_v05_probe_000228,mdgo_v05_fin_user_0012,drift_composition,2,12,296,82.0,596
mdgo_v05_probe_000229,mdgo_v05_fin_user_0012,drift_exception,1,5,110,46,385
mdgo_v05_probe_000230,mdgo_v05_fin_user_0012,false_personalization,1,0,,,484
mdgo_v05_probe_000231,mdgo_v05_fin_user_0012,insufficient_evidence,1,1,266,266,484
mdgo_v05_probe_000232,mdgo_v05_fin_user_0012,temporal_scope,2,8,110,62.5,649
mdgo_v05_probe_000233,mdgo_v05_fin_user_0012,explicit_retrieval,2,9,294,83,632
mdgo_v05_probe_000234,mdgo_v05_fin_user_0013,long_gap_direct,1,5,297,157,468
mdgo_v05_probe_000235,mdgo_v05_fin_user_0013,implicit_direct,1,4,111,64.5,422
mdgo_v05_probe_000236,mdgo_v05_fin_user_0013,boundary_near_miss,1,0,,,499
mdgo_v05_probe_000237,mdgo_v05_fin_user_0013,boundary_plus_active,2,12,294,173.5,593
mdgo_v05_probe_000238,mdgo_v05_fin_user_0013,exception_nested,1,1,31,31,460
mdgo_v05_probe_000239,mdgo_v05_fin_user_0013,exception_plus_active,2,5,106,41,602
mdgo_v05_probe_000240,mdgo_v05_fin_user_0013,composition_pair,2,12,294,153.0,600
mdgo_v05_probe_000241,mdgo_v05_fin_user_0013,composition_pair_2,2,9,294,154,660
mdgo_v05_probe_000242,mdgo_v05_fin_user_0013,composition_triple,3,13,292,111,851
mdgo_v05_probe_000243,mdgo_v05_fin_user_0013,priority_pair,2,14,297,115.0,624
mdgo_v05_probe_000244,mdgo_v05_fin_user_0013,priority_triple,3,19,297,134,797
mdgo_v05_probe_000245,mdgo_v05_fin_user_0013,drift_recent_override,1,4,111,64.5,422
mdgo_v05_probe_000246,mdgo_v05_fin_user_0013,drift_composition,2,10,297,81.5,623
mdgo_v05_probe_000247,mdgo_v05_fin_user_0013,drift_exception,1,5,111,47,440
mdgo_v05_probe_000248,mdgo_v05_fin_user_0013,false_personalization,1,0,,,460
mdgo_v05_probe_000249,mdgo_v05_fin_user_0013,insufficient_evidence,1,1,267,267,460
mdgo_v05_probe_000250,mdgo_v05_fin_user_0013,temporal_scope,2,9,297,86,624
mdgo_v05_probe_000251,mdgo_v05_fin_user_0013,explicit_retrieval,2,9,297,86,684
mdgo_v05_probe_000252,mdgo_v05_fin_user_0014,long_gap_direct,1,5,294,154,438
mdgo_v05_probe_000253,mdgo_v05_fin_user_0014,implicit_direct,1,5,295,155,409
mdgo_v05_probe_000254,mdgo_v05_fin_user_0014,boundary_near_miss,1,0,,,422
mdgo_v05_probe_000255,mdgo_v05_fin_user_0014,boundary_plus_active,2,12,295,174.5,609
mdgo_v05_probe_000256,mdgo_v05_fin_user_0014,exception_nested,1,1,116,116,394
mdgo_v05_probe_000257,mdgo_v05_fin_user_0014,exception_plus_active,2,10,295,97.5,644
mdgo_v05_probe_000258,mdgo_v05_fin_user_0014,composition_pair,2,14,295,147.0,671
mdgo_v05_probe_000259,mdgo_v05_fin_user_0014,composition_pair_2,2,10,294,109.0,587
mdgo_v05_probe_000260,mdgo_v05_fin_user_0014,composition_triple,3,20,295,152.5,846
mdgo_v05_probe_000261,mdgo_v05_fin_user_0014,priority_pair,2,13,295,134,635
mdgo_v05_probe_000262,mdgo_v05_fin_user_0014,priority_triple,3,16,295,104.0,804
mdgo_v05_probe_000263,mdgo_v05_fin_user_0014,drift_recent_override,1,3,111,47,457
mdgo_v05_probe_000264,mdgo_v05_fin_user_0014,drift_composition,2,11,293,106,628
mdgo_v05_probe_000265,mdgo_v05_fin_user_0014,drift_exception,1,4,111,39.0,400
mdgo_v05_probe_000266,mdgo_v05_fin_user_0014,false_personalization,1,0,,,423
mdgo_v05_probe_000267,mdgo_v05_fin_user_0014,insufficient_evidence,1,1,265,265,470
mdgo_v05_probe_000268,mdgo_v05_fin_user_0014,temporal_scope,2,8,293,96.5,598
mdgo_v05_probe_000269,mdgo_v05_fin_user_0014,explicit_retrieval,2,10,294,152.5,635
mdgo_v05_probe_000270,mdgo_v05_fin_user_0015,long_gap_direct,1,5,294,154,468
mdgo_v05_probe_000271,mdgo_v05_fin_user_0015,implicit_direct,1,5,293,153,435
mdgo_v05_probe_000272,mdgo_v05_fin_user_0015,boundary_near_miss,1,1,192,192,429
mdgo_v05_probe_000273,mdgo_v05_fin_user_0015,boundary_plus_active,2,6,291,171.5,602
mdgo_v05_probe_000274,mdgo_v05_fin_user_0015,exception_nested,1,1,30,30,420
mdgo_v05_probe_000275,mdgo_v05_fin_user_0015,exception_plus_active,2,10,294,97.0,618
mdgo_v05_probe_000276,mdgo_v05_fin_user_0015,composition_pair,2,9,291,141,630
mdgo_v05_probe_000277,mdgo_v05_fin_user_0015,composition_pair_2,2,12,293,96.0,697
mdgo_v05_probe_000278,mdgo_v05_fin_user_0015,composition_triple,3,13,293,111,820
mdgo_v05_probe_000279,mdgo_v05_fin_user_0015,priority_pair,2,14,294,115.0,627
mdgo_v05_probe_000280,mdgo_v05_fin_user_0015,priority_triple,3,18,294,89.5,816
mdgo_v05_probe_000281,mdgo_v05_fin_user_0015,drift_recent_override,1,4,110,63.5,429
mdgo_v05_probe_000282,mdgo_v05_fin_user_0015,drift_composition,2,12,293,108.5,634
mdgo_v05_probe_000283,mdgo_v05_fin_user_0015,drift_exception,1,5,110,46,428
mdgo_v05_probe_000284,mdgo_v05_fin_user_0015,false_personalization,1,0,,,477
mdgo_v05_probe_000285,mdgo_v05_fin_user_0015,insufficient_evidence,1,1,271,271,492
mdgo_v05_probe_000286,mdgo_v05_fin_user_0015,temporal_scope,2,10,293,152.0,682
mdgo_v05_probe_000287,mdgo_v05_fin_user_0015,explicit_retrieval,2,8,293,96.5,628
mdgo_v05_probe_000288,mdgo_v05_fin_user_0016,long_gap_direct,1,3,233,157,429
mdgo_v05_probe_000289,mdgo_v05_fin_user_0016,implicit_direct,1,5,295,155,426
mdgo_v05_probe_000290,mdgo_v05_fin_user_0016,boundary_near_miss,1,1,189,189,443
mdgo_v05_probe_000291,mdgo_v05_fin_user_0016,boundary_plus_active,2,5,190,78,622
mdgo_v05_probe_000292,mdgo_v05_fin_user_0016,exception_nested,1,1,118,118,472
mdgo_v05_probe_000293,mdgo_v05_fin_user_0016,exception_plus_active,2,6,293,135.5,630
mdgo_v05_probe_000294,mdgo_v05_fin_user_0016,composition_pair,2,6,141,69.5,607
mdgo_v05_probe_000295,mdgo_v05_fin_user_0016,composition_pair_2,2,12,293,155.0,642
mdgo_v05_probe_000296,mdgo_v05_fin_user_0016,composition_triple,3,14,295,96.5,823
mdgo_v05_probe_000297,mdgo_v05_fin_user_0016,priority_pair,2,7,233,96,640
mdgo_v05_probe_000298,mdgo_v05_fin_user_0016,priority_triple,3,12,295,115.0,813
mdgo_v05_probe_000299,mdgo_v05_fin_user_0016,drift_recent_override,1,4,106,59.5,423
mdgo_v05_probe_000300,mdgo_v05_fin_user_0016,drift_composition,2,13,293,107,555
mdgo_v05_probe_000301,mdgo_v05_fin_user_0016,drift_exception,1,5,106,42,437
mdgo_v05_probe_000302,mdgo_v05_fin_user_0016,false_personalization,1,0,,,449
mdgo_v05_probe_000303,mdgo_v05_fin_user_0016,insufficient_evidence,1,1,271,271,455
mdgo_v05_probe_000304,mdgo_v05_fin_user_0016,temporal_scope,2,9,293,82,687
mdgo_v05_probe_000305,mdgo_v05_fin_user_0016,explicit_retrieval,2,8,295,156.0,631
mdgo_v05_probe_000306,mdgo_v05_fin_user_0017,long_gap_direct,1,5,295,155,409
mdgo_v05_probe_000307,mdgo_v05_fin_user_0017,implicit_direct,1,5,292,152,418
mdgo_v05_probe_000308,mdgo_v05_fin_user_0017,boundary_near_miss,1,0,,,434
mdgo_v05_probe_000309,mdgo_v05_fin_user_0017,boundary_plus_active,2,9,292,110,628
mdgo_v05_probe_000310,mdgo_v05_fin_user_0017,exception_nested,1,1,116,116,415
mdgo_v05_probe_000311,mdgo_v05_fin_user_0017,exception_plus_active,2,12,296,136.5,640
mdgo_v05_probe_000312,mdgo_v05_fin_user_0017,composition_pair,2,10,292,108.0,660
mdgo_v05_probe_000313,mdgo_v05_fin_user_0017,composition_pair_2,2,14,296,107.0,665
mdgo_v05_probe_000314,mdgo_v05_fin_user_0017,composition_triple,3,21,296,152,809
mdgo_v05_probe_000315,mdgo_v05_fin_user_0017,priority_pair,2,13,295,134,640
mdgo_v05_probe_000316,mdgo_v05_fin_user_0017,priority_triple,3,13,291,79,814
mdgo_v05_probe_000317,mdgo_v05_fin_user_0017,drift_recent_override,1,4,108,61.5,396
mdgo_v05_probe_000318,mdgo_v05_fin_user_0017,drift_composition,2,12,291,93.0,620
mdgo_v05_probe_000319,mdgo_v05_fin_user_0017,drift_exception,1,5,108,44,404
mdgo_v05_probe_000320,mdgo_v05_fin_user_0017,false_personalization,1,0,,,420
mdgo_v05_probe_000321,mdgo_v05_fin_user_0017,insufficient_evidence,1,1,272,272,480
mdgo_v05_probe_000322,mdgo_v05_fin_user_0017,temporal_scope,2,10,292,151.5,634
mdgo_v05_probe_000323,mdgo_v05_fin_user_0017,explicit_retrieval,2,9,291,80,676
mdgo_v05_probe_000324,mdgo_v05_fin_user_0018,long_gap_direct,1,2,296,168.5,445
mdgo_v05_probe_000325,mdgo_v05_fin_user_0018,implicit_direct,1,5,291,151,462
mdgo_v05_probe_000326,mdgo_v05_fin_user_0018,boundary_near_miss,1,1,190,190,421
mdgo_v05_probe_000327,mdgo_v05_fin_user_0018,boundary_plus_active,2,11,291,107,649
mdgo_v05_probe_000328,mdgo_v05_fin_user_0018,exception_nested,1,1,122,122,462
mdgo_v05_probe_000329,mdgo_v05_fin_user_0018,exception_plus_active,2,10,293,137.5,624
mdgo_v05_probe_000330,mdgo_v05_fin_user_0018,composition_pair,2,11,291,107,611
mdgo_v05_probe_000331,mdgo_v05_fin_user_0018,composition_pair_2,2,11,233,106,715
mdgo_v05_probe_000332,mdgo_v05_fin_user_0018,composition_triple,3,14,296,154.0,884
mdgo_v05_probe_000333,mdgo_v05_fin_user_0018,priority_pair,2,10,296,67.5,645
mdgo_v05_probe_000334,mdgo_v05_fin_user_0018,priority_triple,3,14,296,67.5,877
mdgo_v05_probe_000335,mdgo_v05_fin_user_0018,drift_recent_override,1,4,107,60.5,418
mdgo_v05_probe_000336,mdgo_v05_fin_user_0018,drift_composition,2,11,233,106,644
mdgo_v05_probe_000337,mdgo_v05_fin_user_0018,drift_exception,1,5,107,43,423
mdgo_v05_probe_000338,mdgo_v05_fin_user_0018,false_personalization,1,0,,,442
mdgo_v05_probe_000339,mdgo_v05_fin_user_0018,insufficient_evidence,1,1,264,264,457
mdgo_v05_probe_000340,mdgo_v05_fin_user_0018,temporal_scope,2,9,291,80,633
mdgo_v05_probe_000341,mdgo_v05_fin_user_0018,explicit_retrieval,2,7,296,151,616
mdgo_v05_probe_000342,mdgo_v05_fin_user_0019,long_gap_direct,1,0,,,430
mdgo_v05_probe_000343,mdgo_v05_fin_user_0019,implicit_direct,1,4,108,61.5,459
mdgo_v05_probe_000344,mdgo_v05_fin_user_0019,boundary_near_miss,1,1,192,192,467
mdgo_v05_probe_000345,mdgo_v05_fin_user_0019,boundary_plus_active,2,12,293,172.5,616
mdgo_v05_probe_000346,mdgo_v05_fin_user_0019,exception_nested,1,1,120,120,431
mdgo_v05_probe_000347,mdgo_v05_fin_user_0019,exception_plus_active,2,6,295,137.5,590
mdgo_v05_probe_000348,mdgo_v05_fin_user_0019,composition_pair,2,13,293,106,584
mdgo_v05_probe_000349,mdgo_v05_fin_user_0019,composition_pair_2,2,7,291,151,611
mdgo_v05_probe_000350,mdgo_v05_fin_user_0019,composition_triple,3,18,293,94.0,811
mdgo_v05_probe_000351,mdgo_v05_fin_user_0019,priority_pair,2,9,292,96,616
mdgo_v05_probe_000352,mdgo_v05_fin_user_0019,priority_triple,3,14,293,115.0,774
mdgo_v05_probe_000353,mdgo_v05_fin_user_0019,drift_recent_override,1,0,,,446
mdgo_v05_probe_000354,mdgo_v05_fin_user_0019,drift_composition,2,13,292,81,628
mdgo_v05_probe_000355,mdgo_v05_fin_user_0019,drift_exception,1,0,,,409
mdgo_v05_probe_000356,mdgo_v05_fin_user_0019,false_personalization,1,0,,,455
mdgo_v05_probe_000357,mdgo_v05_fin_user_0019,insufficient_evidence,1,1,271,271,509
mdgo_v05_probe_000358,mdgo_v05_fin_user_0019,temporal_scope,2,9,291,80,663
mdgo_v05_probe_000359,mdgo_v05_fin_user_0019,explicit_retrieval,2,10,293,152.0,671
mdgo_v05_probe_000360,mdgo_v05_fin_user_0020,long_gap_direct,1,0,,,426
mdgo_v05_probe_000361,mdgo_v05_fin_user_0020,implicit_direct,1,4,110,63.5,432
mdgo_v05_probe_000362,mdgo_v05_fin_user_0020,boundary_near_miss,1,0,,,421
mdgo_v05_probe_000363,mdgo_v05_fin_user_0020,boundary_plus_active,2,11,295,110,658
mdgo_v05_probe_000364,mdgo_v05_fin_user_0020,exception_nested,1,1,30,30,471
mdgo_v05_probe_000365,mdgo_v05_fin_user_0020,exception_plus_active,2,0,,,601
mdgo_v05_probe_000366,mdgo_v05_fin_user_0020,composition_pair,2,13,295,110,603
mdgo_v05_probe_000367,mdgo_v05_fin_user_0020,composition_pair_2,2,7,211,81,644
mdgo_v05_probe_000368,mdgo_v05_fin_user_0020,composition_triple,3,13,291,106,783
mdgo_v05_probe_000369,mdgo_v05_fin_user_0020,priority_pair,2,13,297,86,694
mdgo_v05_probe_000370,mdgo_v05_fin_user_0020,priority_triple,3,13,297,86,762
mdgo_v05_probe_000371,mdgo_v05_fin_user_0020,drift_recent_override,1,0,,,415
mdgo_v05_probe_000372,mdgo_v05_fin_user_0020,drift_composition,2,12,297,98.0,584
mdgo_v05_probe_000373,mdgo_v05_fin_user_0020,drift_exception,1,0,,,399
mdgo_v05_probe_000374,mdgo_v05_fin_user_0020,false_personalization,1,0,,,427
mdgo_v05_probe_000375,mdgo_v05_fin_user_0020,insufficient_evidence,1,1,270,270,477
mdgo_v05_probe_000376,mdgo_v05_fin_user_0020,temporal_scope,2,10,297,154.0,644
mdgo_v05_probe_000377,mdgo_v05_fin_user_0020,explicit_retrieval,2,5,297,157,658
mdgo_v05_probe_000378,mdgo_v05_fin_user_0021,long_gap_direct,1,5,297,157,390
mdgo_v05_probe_000379,mdgo_v05_fin_user_0021,implicit_direct,1,5,295,155,510
mdgo_v05_probe_000380,mdgo_v05_fin_user_0021,boundary_near_miss,1,1,198,198,428
mdgo_v05_probe_000381,mdgo_v05_fin_user_0021,boundary_plus_active,2,11,297,110,649
mdgo_v05_probe_000382,mdgo_v05_fin_user_0021,exception_nested,1,1,30,30,403
mdgo_v05_probe_000383,mdgo_v05_fin_user_0021,exception_plus_active,2,12,296,138.0,617
mdgo_v05_probe_000384,mdgo_v05_fin_user_0021,composition_pair,2,11,297,86,613
mdgo_v05_probe_000385,mdgo_v05_fin_user_0021,composition_pair_2,2,15,297,155,661
mdgo_v05_probe_000386,mdgo_v05_fin_user_0021,composition_triple,3,19,296,108,842
mdgo_v05_probe_000387,mdgo_v05_fin_user_0021,priority_pair,2,13,296,85,627
mdgo_v05_probe_000388,mdgo_v05_fin_user_0021,priority_triple,3,13,297,86,843
mdgo_v05_probe_000389,mdgo_v05_fin_user_0021,drift_recent_override,1,4,108,61.5,404
mdgo_v05_probe_000390,mdgo_v05_fin_user_0021,drift_composition,2,12,296,95.5,607
mdgo_v05_probe_000391,mdgo_v05_fin_user_0021,drift_exception,1,5,108,44,418
mdgo_v05_probe_000392,mdgo_v05_fin_user_0021,false_personalization,1,0,,,422
mdgo_v05_probe_000393,mdgo_v05_fin_user_0021,insufficient_evidence,1,1,265,265,469
mdgo_v05_probe_000394,mdgo_v05_fin_user_0021,temporal_scope,2,9,296,85,657
mdgo_v05_probe_000395,mdgo_v05_fin_user_0021,explicit_retrieval,2,5,297,157,643
mdgo_v05_probe_000396,mdgo_v05_fin_user_0022,long_gap_direct,1,5,291,151,445
mdgo_v05_probe_000397,mdgo_v05_fin_user_0022,implicit_direct,1,5,291,151,456
mdgo_v05_probe_000398,mdgo_v05_fin_user_0022,boundary_near_miss,1,0,,,400
mdgo_v05_probe_000399,mdgo_v05_fin_user_0022,boundary_plus_active,2,11,295,111,617
mdgo_v05_probe_000400,mdgo_v05_fin_user_0022,exception_nested,1,1,31,31,397
mdgo_v05_probe_000401,mdgo_v05_fin_user_0022,exception_plus_active,2,11,291,80,662
mdgo_v05_probe_000402,mdgo_v05_fin_user_0022,composition_pair,2,13,295,84,595
mdgo_v05_probe_000403,mdgo_v05_fin_user_0022,composition_pair_2,2,8,211,94.0,618
mdgo_v05_probe_000404,mdgo_v05_fin_user_0022,composition_triple,3,19,294,83,812
mdgo_v05_probe_000405,mdgo_v05_fin_user_0022,priority_pair,2,9,291,96,683
mdgo_v05_probe_000406,mdgo_v05_fin_user_0022,priority_triple,3,13,291,80,853
mdgo_v05_probe_000407,mdgo_v05_fin_user_0022,drift_recent_override,1,4,111,64.5,450
mdgo_v05_probe_000408,mdgo_v05_fin_user_0022,drift_composition,2,12,295,95.0,589
mdgo_v05_probe_000409,mdgo_v05_fin_user_0022,drift_exception,1,5,111,47,380
mdgo_v05_probe_000410,mdgo_v05_fin_user_0022,false_personalization,1,0,,,423
mdgo_v05_probe_000411,mdgo_v05_fin_user_0022,insufficient_evidence,1,1,267,267,459
mdgo_v05_probe_000412,mdgo_v05_fin_user_0022,temporal_scope,2,9,295,84,624
mdgo_v05_probe_000413,mdgo_v05_fin_user_0022,explicit_retrieval,2,9,294,83,617
mdgo_v05_probe_000414,mdgo_v05_fin_user_0023,long_gap_direct,1,5,296,156,423
mdgo_v05_probe_000415,mdgo_v05_fin_user_0023,implicit_direct,1,4,111,64.5,440
mdgo_v05_probe_000416,mdgo_v05_fin_user_0023,boundary_near_miss,1,1,197,197,401
mdgo_v05_probe_000417,mdgo_v05_fin_user_0023,boundary_plus_active,2,6,296,176.5,629
mdgo_v05_probe_000418,mdgo_v05_fin_user_0023,exception_nested,1,1,28,28,440
mdgo_v05_probe_000419,mdgo_v05_fin_user_0023,exception_plus_active,2,11,296,85,612
mdgo_v05_probe_000420,mdgo_v05_fin_user_0023,composition_pair,2,9,296,141,637
mdgo_v05_probe_000421,mdgo_v05_fin_user_0023,composition_pair_2,2,8,176,92.5,697
mdgo_v05_probe_000422,mdgo_v05_fin_user_0023,composition_triple,3,19,296,155,799
mdgo_v05_probe_000423,mdgo_v05_fin_user_0023,priority_pair,2,13,292,82,659
mdgo_v05_probe_000424,mdgo_v05_fin_user_0023,priority_triple,3,17,292,81,809
mdgo_v05_probe_000425,mdgo_v05_fin_user_0023,drift_recent_override,1,4,111,64.5,429
mdgo_v05_probe_000426,mdgo_v05_fin_user_0023,drift_composition,2,13,295,84,601
mdgo_v05_probe_000427,mdgo_v05_fin_user_0023,drift_exception,1,5,111,47,380
mdgo_v05_probe_000428,mdgo_v05_fin_user_0023,false_personalization,1,0,,,460
mdgo_v05_probe_000429,mdgo_v05_fin_user_0023,insufficient_evidence,1,1,267,267,454
mdgo_v05_probe_000430,mdgo_v05_fin_user_0023,temporal_scope,2,9,295,84,552
mdgo_v05_probe_000431,mdgo_v05_fin_user_0023,explicit_retrieval,2,10,296,154.0,669
mdgo_v05_probe_000432,mdgo_v05_fin_user_0024,long_gap_direct,1,4,109,62.5,398
mdgo_v05_probe_000433,mdgo_v05_fin_user_0024,implicit_direct,1,4,109,62.5,456
mdgo_v05_probe_000434,mdgo_v05_fin_user_0024,boundary_near_miss,1,1,192,192,426
mdgo_v05_probe_000435,mdgo_v05_fin_user_0024,boundary_plus_active,2,10,292,129.0,612
mdgo_v05_probe_000436,mdgo_v05_fin_user_0024,exception_nested,1,1,117,117,429
mdgo_v05_probe_000437,mdgo_v05_fin_user_0024,exception_plus_active,2,6,296,59.0,645
mdgo_v05_probe_000438,mdgo_v05_fin_user_0024,composition_pair,2,11,292,81,627
mdgo_v05_probe_000439,mdgo_v05_fin_user_0024,composition_pair_2,2,9,296,109,675
mdgo_v05_probe_000440,mdgo_v05_fin_user_0024,composition_triple,3,14,296,78.5,822
mdgo_v05_probe_000441,mdgo_v05_fin_user_0024,priority_pair,2,14,297,115.0,666
mdgo_v05_probe_000442,mdgo_v05_fin_user_0024,priority_triple,3,18,297,91.0,809
mdgo_v05_probe_000443,mdgo_v05_fin_user_0024,drift_recent_override,1,3,106,77,438
mdgo_v05_probe_000444,mdgo_v05_fin_user_0024,drift_composition,2,12,297,97.5,621
mdgo_v05_probe_000445,mdgo_v05_fin_user_0024,drift_exception,1,4,106,51.5,424
mdgo_v05_probe_000446,mdgo_v05_fin_user_0024,false_personalization,1,0,,,457
mdgo_v05_probe_000447,mdgo_v05_fin_user_0024,insufficient_evidence,1,1,267,267,472
mdgo_v05_probe_000448,mdgo_v05_fin_user_0024,temporal_scope,2,10,297,155.0,625
mdgo_v05_probe_000449,mdgo_v05_fin_user_0024,explicit_retrieval,2,10,297,155.0,637
mdgo_v05_probe_000450,mdgo_v05_fin_user_0025,long_gap_direct,1,4,107,60.5,463
mdgo_v05_probe_000451,mdgo_v05_fin_user_0025,implicit_direct,1,4,111,64.5,427
mdgo_v05_probe_000452,mdgo_v05_fin_user_0025,boundary_near_miss,1,1,194,194,437
mdgo_v05_probe_000453,mdgo_v05_fin_user_0025,boundary_plus_active,2,12,294,173.5,656
mdgo_v05_probe_000454,mdgo_v05_fin_user_0025,exception_nested,1,1,119,119,386
mdgo_v05_probe_000455,mdgo_v05_fin_user_0025,exception_plus_active,2,11,294,83,585
mdgo_v05_probe_000456,mdgo_v05_fin_user_0025,composition_pair,2,14,294,146.5,671
mdgo_v05_probe_000457,mdgo_v05_fin_user_0025,composition_pair_2,2,12,292,94.0,652
mdgo_v05_probe_000458,mdgo_v05_fin_user_0025,composition_triple,3,18,292,94.0,808
mdgo_v05_probe_000459,mdgo_v05_fin_user_0025,priority_pair,2,8,134,68.0,616
mdgo_v05_probe_000460,mdgo_v05_fin_user_0025,priority_triple,3,13,296,85,830
mdgo_v05_probe_000461,mdgo_v05_fin_user_0025,drift_recent_override,1,4,111,64.5,437
mdgo_v05_probe_000462,mdgo_v05_fin_user_0025,drift_composition,2,12,296,96.0,661
mdgo_v05_probe_000463,mdgo_v05_fin_user_0025,drift_exception,1,5,111,47,373
mdgo_v05_probe_000464,mdgo_v05_fin_user_0025,false_personalization,1,0,,,455
mdgo_v05_probe_000465,mdgo_v05_fin_user_0025,insufficient_evidence,1,1,264,264,464
mdgo_v05_probe_000466,mdgo_v05_fin_user_0025,temporal_scope,2,9,294,83,648
mdgo_v05_probe_000467,mdgo_v05_fin_user_0025,explicit_retrieval,2,5,294,154,602
mdgo_v05_probe_000468,mdgo_v05_fin_user_0026,long_gap_direct,1,5,291,151,484
mdgo_v05_probe_000469,mdgo_v05_fin_user_0026,implicit_direct,1,4,111,64.5,440
mdgo_v05_probe_000470,mdgo_v05_fin_user_0026,boundary_near_miss,1,0,,,453
mdgo_v05_probe_000471,mdgo_v05_fin_user_0026,boundary_plus_active,2,11,291,111,613
mdgo_v05_probe_000472,mdgo_v05_fin_user_0026,exception_nested,1,1,116,116,391
mdgo_v05_probe_000473,mdgo_v05_fin_user_0026,exception_plus_active,2,6,297,139.5,633
mdgo_v05_probe_000474,mdgo_v05_fin_user_0026,composition_pair,2,13,291,82,600
mdgo_v05_probe_000475,mdgo_v05_fin_user_0026,composition_pair_2,2,9,211,82,646
mdgo_v05_probe_000476,mdgo_v05_fin_user_0026,composition_triple,3,14,297,128.5,771
mdgo_v05_probe_000477,mdgo_v05_fin_user_0026,priority_pair,2,13,294,83,670
mdgo_v05_probe_000478,mdgo_v05_fin_user_0026,priority_triple,3,18,297,91.0,863
mdgo_v05_probe_000479,mdgo_v05_fin_user_0026,drift_recent_override,1,4,111,64.5,410
mdgo_v05_probe_000480,mdgo_v05_fin_user_0026,drift_composition,2,8,294,130.0,607
mdgo_v05_probe_000481,mdgo_v05_fin_user_0026,drift_exception,1,5,111,47,399
mdgo_v05_probe_000482,mdgo_v05_fin_user_0026,false_personalization,1,0,,,443
mdgo_v05_probe_000483,mdgo_v05_fin_user_0026,insufficient_evidence,1,1,264,264,486
mdgo_v05_probe_000484,mdgo_v05_fin_user_0026,temporal_scope,2,5,294,154,620
mdgo_v05_probe_000485,mdgo_v05_fin_user_0026,explicit_retrieval,2,10,297,154.0,607
mdgo_v05_probe_000486,mdgo_v05_fin_user_0027,long_gap_direct,1,5,295,155,467
mdgo_v05_probe_000487,mdgo_v05_fin_user_0027,implicit_direct,1,4,294,192.0,449
mdgo_v05_probe_000488,mdgo_v05_fin_user_0027,boundary_near_miss,1,0,,,417
mdgo_v05_probe_000489,mdgo_v05_fin_user_0027,boundary_plus_active,2,9,291,109,609
mdgo_v05_probe_000490,mdgo_v05_fin_user_0027,exception_nested,1,1,32,32,381
mdgo_v05_probe_000491,mdgo_v05_fin_user_0027,exception_plus_active,2,10,294,97.5,560
mdgo_v05_probe_000492,mdgo_v05_fin_user_0027,composition_pair,2,11,291,109,686
mdgo_v05_probe_000493,mdgo_v05_fin_user_0027,composition_pair_2,2,14,295,153.0,655
mdgo_v05_probe_000494,mdgo_v05_fin_user_0027,composition_triple,3,17,295,84,816
mdgo_v05_probe_000495,mdgo_v05_fin_user_0027,priority_pair,2,12,295,144.0,699
mdgo_v05_probe_000496,mdgo_v05_fin_user_0027,priority_triple,3,15,295,109,805
mdgo_v05_probe_000497,mdgo_v05_fin_user_0027,drift_recent_override,1,3,109,45,449
mdgo_v05_probe_000498,mdgo_v05_fin_user_0027,drift_composition,2,11,294,106,630
mdgo_v05_probe_000499,mdgo_v05_fin_user_0027,drift_exception,1,4,109,37.0,400
mdgo_v05_probe_000500,mdgo_v05_fin_user_0027,false_personalization,1,0,,,462
mdgo_v05_probe_000501,mdgo_v05_fin_user_0027,insufficient_evidence,1,1,271,271,496
mdgo_v05_probe_000502,mdgo_v05_fin_user_0027,temporal_scope,2,8,294,97.5,620
mdgo_v05_probe_000503,mdgo_v05_fin_user_0027,explicit_retrieval,2,9,295,84,659
mdgo_v05_probe_000504,mdgo_v05_fin_user_0028,long_gap_direct,1,5,296,156,471
mdgo_v05_probe_000505,mdgo_v05_fin_user_0028,implicit_direct,1,5,292,152,462
mdgo_v05_probe_000506,mdgo_v05_fin_user_0028,boundary_near_miss,1,1,192,192,454
mdgo_v05_probe_000507,mdgo_v05_fin_user_0028,boundary_plus_active,2,9,295,109,648
mdgo_v05_probe_000508,mdgo_v05_fin_user_0028,exception_nested,1,1,27,27,420
mdgo_v05_probe_000509,mdgo_v05_fin_user_0028,exception_plus_active,2,11,296,85,648
mdgo_v05_probe_000510,mdgo_v05_fin_user_0028,composition_pair,2,11,295,106,611
mdgo_v05_probe_000511,mdgo_v05_fin_user_0028,composition_pair_2,2,13,292,106,661
mdgo_v05_probe_000512,mdgo_v05_fin_user_0028,composition_triple,3,16,291,79.0,828
mdgo_v05_probe_000513,mdgo_v05_fin_user_0028,priority_pair,2,12,296,90.5,690
mdgo_v05_probe_000514,mdgo_v05_fin_user_0028,priority_triple,3,17,296,96,815
mdgo_v05_probe_000515,mdgo_v05_fin_user_0028,drift_recent_override,1,4,107,60.5,423
mdgo_v05_probe_000516,mdgo_v05_fin_user_0028,drift_composition,2,11,291,80,616
mdgo_v05_probe_000517,mdgo_v05_fin_user_0028,drift_exception,1,5,107,43,412
mdgo_v05_probe_000518,mdgo_v05_fin_user_0028,false_personalization,1,0,,,426
mdgo_v05_probe_000519,mdgo_v05_fin_user_0028,insufficient_evidence,1,1,269,269,462
mdgo_v05_probe_000520,mdgo_v05_fin_user_0028,temporal_scope,2,9,291,80,644
mdgo_v05_probe_000521,mdgo_v05_fin_user_0028,explicit_retrieval,2,7,109,45,658
mdgo_v05_probe_000522,mdgo_v05_fin_user_0029,long_gap_direct,1,4,107,60.5,472
mdgo_v05_probe_000523,mdgo_v05_fin_user_0029,implicit_direct,1,5,297,157,492
mdgo_v05_probe_000524,mdgo_v05_fin_user_0029,boundary_near_miss,1,1,196,196,434
mdgo_v05_probe_000525,mdgo_v05_fin_user_0029,boundary_plus_active,2,10,297,131.5,641
mdgo_v05_probe_000526,mdgo_v05_fin_user_0029,exception_nested,1,1,120,120,398
mdgo_v05_probe_000527,mdgo_v05_fin_user_0029,exception_plus_active,2,11,297,86,668
mdgo_v05_probe_000528,mdgo_v05_fin_user_0029,composition_pair,2,12,297,123.5,673
mdgo_v05_probe_000529,mdgo_v05_fin_user_0029,composition_pair_2,2,12,296,147.5,615
mdgo_v05_probe_000530,mdgo_v05_fin_user_0029,composition_triple,3,15,296,106,784
mdgo_v05_probe_000531,mdgo_v05_fin_user_0029,priority_pair,2,14,296,115.0,648
mdgo_v05_probe_000532,mdgo_v05_fin_user_0029,priority_triple,3,19,296,134,792
mdgo_v05_probe_000533,mdgo_v05_fin_user_0029,drift_recent_override,1,4,107,60.5,423
mdgo_v05_probe_000534,mdgo_v05_fin_user_0029,drift_composition,2,12,297,123.5,628
mdgo_v05_probe_000535,mdgo_v05_fin_user_0029,drift_exception,1,5,107,43,436
mdgo_v05_probe_000536,mdgo_v05_fin_user_0029,false_personalization,1,0,,,442
mdgo_v05_probe_000537,mdgo_v05_fin_user_0029,insufficient_evidence,1,1,268,268,466
mdgo_v05_probe_000538,mdgo_v05_fin_user_0029,temporal_scope,2,9,297,86,647
mdgo_v05_probe_000539,mdgo_v05_fin_user_0029,explicit_retrieval,2,8,296,95.5,576
mdgo_v05_probe_000540,mdgo_v05_fin_user_0030,long_gap_direct,1,5,297,157,426
mdgo_v05_probe_000541,mdgo_v05_fin_user_0030,implicit_direct,1,4,108,61.5,448
mdgo_v05_probe_000542,mdgo_v05_fin_user_0030,boundary_near_miss,1,1,196,196,386
mdgo_v05_probe_000543,mdgo_v05_fin_user_0030,boundary_plus_active,2,12,297,176.5,633
mdgo_v05_probe_000544,mdgo_v05_fin_user_0030,exception_nested,1,1,119,119,409
mdgo_v05_probe_000545,mdgo_v05_fin_user_0030,exception_plus_active,2,11,294,83,602
mdgo_v05_probe_000546,mdgo_v05_fin_user_0030,composition_pair,2,13,297,141,616
mdgo_v05_probe_000547,mdgo_v05_fin_user_0030,composition_pair_2,2,14,294,152.5,647
mdgo_v05_probe_000548,mdgo_v05_fin_user_0030,composition_triple,3,21,297,151,868
mdgo_v05_probe_000549,mdgo_v05_fin_user_0030,priority_pair,2,13,297,134,590
mdgo_v05_probe_000550,mdgo_v05_fin_user_0030,priority_triple,3,14,295,80.0,856
mdgo_v05_probe_000551,mdgo_v05_fin_user_0030,drift_recent_override,1,4,110,63.5,408
mdgo_v05_probe_000552,mdgo_v05_fin_user_0030,drift_composition,2,13,295,84,653
mdgo_v05_probe_000553,mdgo_v05_fin_user_0030,drift_exception,1,5,110,46,418
mdgo_v05_probe_000554,mdgo_v05_fin_user_0030,false_personalization,1,0,,,444
mdgo_v05_probe_000555,mdgo_v05_fin_user_0030,insufficient_evidence,1,1,266,266,480
mdgo_v05_probe_000556,mdgo_v05_fin_user_0030,temporal_scope,2,10,295,154.5,624
mdgo_v05_probe_000557,mdgo_v05_fin_user_0030,explicit_retrieval,2,10,294,152.5,689
mdgo_v05_probe_000558,mdgo_v05_fin_user_0031,long_gap_direct,1,3,106,77,395
mdgo_v05_probe_000559,mdgo_v05_fin_user_0031,implicit_direct,1,5,292,152,447
mdgo_v05_probe_000560,mdgo_v05_fin_user_0031,boundary_near_miss,1,1,198,198,502
mdgo_v05_probe_000561,mdgo_v05_fin_user_0031,boundary_plus_active,2,10,293,129.5,659
mdgo_v05_probe_000562,mdgo_v05_fin_user_0031,exception_nested,1,1,26,26,393
mdgo_v05_probe_000563,mdgo_v05_fin_user_0031,exception_plus_active,2,12,293,135.0,643
mdgo_v05_probe_000564,mdgo_v05_fin_user_0031,composition_pair,2,10,293,94.0,651
mdgo_v05_probe_000565,mdgo_v05_fin_user_0031,composition_pair_2,2,10,292,131.0,639
mdgo_v05_probe_000566,mdgo_v05_fin_user_0031,composition_triple,3,17,297,141,860
mdgo_v05_probe_000567,mdgo_v05_fin_user_0031,priority_pair,2,14,293,115.0,682
mdgo_v05_probe_000568,mdgo_v05_fin_user_0031,priority_triple,3,19,293,134,825
mdgo_v05_probe_000569,mdgo_v05_fin_user_0031,drift_recent_override,1,3,110,46,435
mdgo_v05_probe_000570,mdgo_v05_fin_user_0031,drift_composition,2,9,291,80,623
mdgo_v05_probe_000571,mdgo_v05_fin_user_0031,drift_exception,1,4,110,38.0,401
mdgo_v05_probe_000572,mdgo_v05_fin_user_0031,false_personalization,1,0,,,433
mdgo_v05_probe_000573,mdgo_v05_fin_user_0031,insufficient_evidence,1,1,267,267,462
mdgo_v05_probe_000574,mdgo_v05_fin_user_0031,temporal_scope,2,8,291,93.0,650
mdgo_v05_probe_000575,mdgo_v05_fin_user_0031,explicit_retrieval,2,8,297,98.0,671
mdgo_v05_probe_000576,mdgo_v05_fin_user_0032,long_gap_direct,1,5,293,153,445
mdgo_v05_probe_000577,mdgo_v05_fin_user_0032,implicit_direct,1,4,107,60.5,453
mdgo_v05_probe_000578,mdgo_v05_fin_user_0032,boundary_near_miss,1,1,197,197,438
mdgo_v05_probe_000579,mdgo_v05_fin_user_0032,boundary_plus_active,2,11,296,112,657
mdgo_v05_probe_000580,mdgo_v05_fin_user_0032,exception_nested,1,1,122,122,458
mdgo_v05_probe_000581,mdgo_v05_fin_user_0032,exception_plus_active,2,6,293,135.5,626
mdgo_v05_probe_000582,mdgo_v05_fin_user_0032,composition_pair,2,12,296,95.5,658
mdgo_v05_probe_000583,mdgo_v05_fin_user_0032,composition_pair_2,2,8,211,77.0,596
mdgo_v05_probe_000584,mdgo_v05_fin_user_0032,composition_triple,3,18,293,82.5,816
mdgo_v05_probe_000585,mdgo_v05_fin_user_0032,priority_pair,2,12,296,90.5,606
mdgo_v05_probe_000586,mdgo_v05_fin_user_0032,priority_triple,3,17,296,96,848
mdgo_v05_probe_000587,mdgo_v05_fin_user_0032,drift_recent_override,1,4,107,60.5,387
mdgo_v05_probe_000588,mdgo_v05_fin_user_0032,drift_composition,2,12,296,95.5,616
mdgo_v05_probe_000589,mdgo_v05_fin_user_0032,drift_exception,1,5,107,43,405
mdgo_v05_probe_000590,mdgo_v05_fin_user_0032,false_personalization,1,0,,,454
mdgo_v05_probe_000591,mdgo_v05_fin_user_0032,insufficient_evidence,1,1,267,267,478
mdgo_v05_probe_000592,mdgo_v05_fin_user_0032,temporal_scope,2,4,112,65.5,574
mdgo_v05_probe_000593,mdgo_v05_fin_user_0032,explicit_retrieval,2,9,293,82,670
mdgo_v05_probe_000594,mdgo_v05_fin_user_0033,long_gap_direct,1,4,106,59.5,400
mdgo_v05_probe_000595,mdgo_v05_fin_user_0033,implicit_direct,1,4,106,59.5,427
mdgo_v05_probe_000596,mdgo_v05_fin_user_0033,boundary_near_miss,1,1,194,194,408
mdgo_v05_probe_000597,mdgo_v05_fin_user_0033,boundary_plus_active,2,6,294,174.5,658
mdgo_v05_probe_000598,mdgo_v05_fin_user_0033,exception_nested,1,1,120,120,409
mdgo_v05_probe_000599,mdgo_v05_fin_user_0033,exception_plus_active,2,5,106,42,608
mdgo_v05_probe_000600,mdgo_v05_fin_user_0033,composition_pair,2,8,294,147.5,647
mdgo_v05_probe_000601,mdgo_v05_fin_user_0033,composition_pair_2,2,13,295,154,686
mdgo_v05_probe_000602,mdgo_v05_fin_user_0033,composition_triple,3,14,295,147.5,820
mdgo_v05_probe_000603,mdgo_v05_fin_user_0033,priority_pair,2,14,296,115.0,659
mdgo_v05_probe_000604,mdgo_v05_fin_user_0033,priority_triple,3,14,296,115.0,841
mdgo_v05_probe_000605,mdgo_v05_fin_user_0033,drift_recent_override,1,4,111,64.5,399
mdgo_v05_probe_000606,mdgo_v05_fin_user_0033,drift_composition,2,12,211,74.0,603
mdgo_v05_probe_000607,mdgo_v05_fin_user_0033,drift_exception,1,5,111,47,413
mdgo_v05_probe_000608,mdgo_v05_fin_user_0033,false_personalization,1,0,,,472
mdgo_v05_probe_000609,mdgo_v05_fin_user_0033,insufficient_evidence,1,1,271,271,485
mdgo_v05_probe_000610,mdgo_v05_fin_user_0033,temporal_scope,2,9,295,84,641
mdgo_v05_probe_000611,mdgo_v05_fin_user_0033,explicit_retrieval,2,9,296,85,684
mdgo_v05_probe_000612,mdgo_v05_fin_user_0034,long_gap_direct,1,4,111,64.5,429
mdgo_v05_probe_000613,mdgo_v05_fin_user_0034,implicit_direct,1,5,294,154,496
mdgo_v05_probe_000614,mdgo_v05_fin_user_0034,boundary_near_miss,1,1,194,194,452
mdgo_v05_probe_000615,mdgo_v05_fin_user_0034,boundary_plus_active,2,5,194,82,619
mdgo_v05_probe_000616,mdgo_v05_fin_user_0034,exception_nested,1,1,26,26,411
mdgo_v05_probe_000617,mdgo_v05_fin_user_0034,exception_plus_active,2,10,297,96.0,573
mdgo_v05_probe_000618,mdgo_v05_fin_user_0034,composition_pair,2,6,141,71.5,657
mdgo_v05_probe_000619,mdgo_v05_fin_user_0034,composition_pair_2,2,6,297,184.0,653
mdgo_v05_probe_000620,mdgo_v05_fin_user_0034,composition_triple,3,10,295,95.0,776
mdgo_v05_probe_000621,mdgo_v05_fin_user_0034,priority_pair,2,8,134,70.0,662
mdgo_v05_probe_000622,mdgo_v05_fin_user_0034,priority_triple,3,11,134,77,815
mdgo_v05_probe_000623,mdgo_v05_fin_user_0034,drift_recent_override,1,3,106,77,429
mdgo_v05_probe_000624,mdgo_v05_fin_user_0034,drift_composition,2,13,294,111,633
mdgo_v05_probe_000625,mdgo_v05_fin_user_0034,drift_exception,1,4,106,51.5,408
mdgo_v05_probe_000626,mdgo_v05_fin_user_0034,false_personalization,1,0,,,457
mdgo_v05_probe_000627,mdgo_v05_fin_user_0034,insufficient_evidence,1,1,265,265,474
mdgo_v05_probe_000628,mdgo_v05_fin_user_0034,temporal_scope,2,10,297,155.5,635
mdgo_v05_probe_000629,mdgo_v05_fin_user_0034,explicit_retrieval,2,9,297,86,631
mdgo_v05_probe_000630,mdgo_v05_fin_user_0035,long_gap_direct,1,5,295,155,433
mdgo_v05_probe_000631,mdgo_v05_fin_user_0035,implicit_direct,1,5,297,157,417
mdgo_v05_probe_000632,mdgo_v05_fin_user_0035,boundary_near_miss,1,1,197,197,501
mdgo_v05_probe_000633,mdgo_v05_fin_user_0035,boundary_plus_active,2,5,195,83,650
mdgo_v05_probe_000634,mdgo_v05_fin_user_0035,exception_nested,1,1,120,120,429
mdgo_v05_probe_000635,mdgo_v05_fin_user_0035,exception_plus_active,2,11,296,85,603
mdgo_v05_probe_000636,mdgo_v05_fin_user_0035,composition_pair,2,7,211,83,602
mdgo_v05_probe_000637,mdgo_v05_fin_user_0035,composition_pair_2,2,9,296,156,649
mdgo_v05_probe_000638,mdgo_v05_fin_user_0035,composition_triple,3,16,297,148.5,825
mdgo_v05_probe_000639,mdgo_v05_fin_user_0035,priority_pair,2,12,295,90.0,620
mdgo_v05_probe_000640,mdgo_v05_fin_user_0035,priority_triple,3,16,295,83.5,827
mdgo_v05_probe_000641,mdgo_v05_fin_user_0035,drift_recent_override,1,4,108,61.5,436
mdgo_v05_probe_000642,mdgo_v05_fin_user_0035,drift_composition,2,12,176,75.0,587
mdgo_v05_probe_000643,mdgo_v05_fin_user_0035,drift_exception,1,5,108,44,400
mdgo_v05_probe_000644,mdgo_v05_fin_user_0035,false_personalization,1,0,,,472
mdgo_v05_probe_000645,mdgo_v05_fin_user_0035,insufficient_evidence,1,1,270,270,462
mdgo_v05_probe_000646,mdgo_v05_fin_user_0035,temporal_scope,2,4,108,61.5,634
mdgo_v05_probe_000647,mdgo_v05_fin_user_0035,explicit_retrieval,2,10,297,156.5,672
mdgo_v05_probe_000648,mdgo_v05_sof_user_0000,long_gap_direct,1,4,108,61.5,436
mdgo_v05_probe_000649,mdgo_v05_sof_user_0000,implicit_direct,1,3,112,48,416
mdgo_v05_probe_000650,mdgo_v05_sof_user_0000,boundary_near_miss,1,1,194,194,384
mdgo_v05_probe_000651,mdgo_v05_sof_user_0000,boundary_plus_active,2,9,292,112,564
mdgo_v05_probe_000652,mdgo_v05_sof_user_0000,exception_nested,1,0,,,414
mdgo_v05_probe_000653,mdgo_v05_sof_user_0000,exception_plus_active,2,5,108,44,594
mdgo_v05_probe_000654,mdgo_v05_sof_user_0000,composition_pair,2,13,292,112,663
mdgo_v05_probe_000655,mdgo_v05_sof_user_0000,composition_pair_2,2,8,211,94.0,645
mdgo_v05_probe_000656,mdgo_v05_sof_user_0000,composition_triple,3,18,294,107.0,793
mdgo_v05_probe_000657,mdgo_v05_sof_user_0000,priority_pair,2,8,292,115.0,609
mdgo_v05_probe_000658,mdgo_v05_sof_user_0000,priority_triple,3,12,294,81.0,810
mdgo_v05_probe_000659,mdgo_v05_sof_user_0000,drift_recent_override,1,4,108,61.5,411
mdgo_v05_probe_000660,mdgo_v05_sof_user_0000,drift_composition,2,13,294,106,640
mdgo_v05_probe_000661,mdgo_v05_sof_user_0000,drift_exception,1,5,108,44,427
mdgo_v05_probe_000662,mdgo_v05_sof_user_0000,false_personalization,1,0,,,452
mdgo_v05_probe_000663,mdgo_v05_sof_user_0000,insufficient_evidence,1,1,268,268,530
mdgo_v05_probe_000664,mdgo_v05_sof_user_0000,temporal_scope,2,9,294,83,646
mdgo_v05_probe_000665,mdgo_v05_sof_user_0000,explicit_retrieval,2,3,112,48,634
mdgo_v05_probe_000666,mdgo_v05_sof_user_0001,long_gap_direct,1,5,297,157,441
mdgo_v05_probe_000667,mdgo_v05_sof_user_0001,implicit_direct,1,3,110,46,496
mdgo_v05_probe_000668,mdgo_v05_sof_user_0001,boundary_near_miss,1,1,189,189,403
mdgo_v05_probe_000669,mdgo_v05_sof_user_0001,boundary_plus_active,2,12,297,176.5,586
mdgo_v05_probe_000670,mdgo_v05_sof_user_0001,exception_nested,1,1,116,116,404
mdgo_v05_probe_000671,mdgo_v05_sof_user_0001,exception_plus_active,2,12,295,136.0,556
mdgo_v05_probe_000672,mdgo_v05_sof_user_0001,composition_pair,2,14,297,156.0,550
mdgo_v05_probe_000673,mdgo_v05_sof_user_0001,composition_pair_2,2,13,295,110,620
mdgo_v05_probe_000674,mdgo_v05_sof_user_0001,composition_triple,3,18,295,125.5,752
mdgo_v05_probe_000675,mdgo_v05_sof_user_0001,priority_pair,2,12,291,88.0,593
mdgo_v05_probe_000676,mdgo_v05_sof_user_0001,priority_triple,3,17,297,96,765
mdgo_v05_probe_000677,mdgo_v05_sof_user_0001,drift_recent_override,1,3,106,77,413
mdgo_v05_probe_000678,mdgo_v05_sof_user_0001,drift_composition,2,13,295,110,645
mdgo_v05_probe_000679,mdgo_v05_sof_user_0001,drift_exception,1,4,106,51.5,396
mdgo_v05_probe_000680,mdgo_v05_sof_user_0001,false_personalization,1,0,,,480
mdgo_v05_probe_000681,mdgo_v05_sof_user_0001,insufficient_evidence,1,1,270,270,544
mdgo_v05_probe_000682,mdgo_v05_sof_user_0001,temporal_scope,2,10,295,153.0,563
mdgo_v05_probe_000683,mdgo_v05_sof_user_0001,explicit_retrieval,2,8,297,96.0,604
mdgo_v05_probe_000684,mdgo_v05_sof_user_0002,long_gap_direct,1,5,293,153,417
mdgo_v05_probe_000685,mdgo_v05_sof_user_0002,implicit_direct,1,5,294,154,386
mdgo_v05_probe_000686,mdgo_v05_sof_user_0002,boundary_near_miss,1,1,190,190,427
mdgo_v05_probe_000687,mdgo_v05_sof_user_0002,boundary_plus_active,2,11,293,108,631
mdgo_v05_probe_000688,mdgo_v05_sof_user_0002,exception_nested,1,1,118,118,370
mdgo_v05_probe_000689,mdgo_v05_sof_user_0002,exception_plus_active,2,12,297,138.0,585
mdgo_v05_probe_000690,mdgo_v05_sof_user_0002,composition_pair,2,12,293,107.0,655
mdgo_v05_probe_000691,mdgo_v05_sof_user_0002,composition_pair_2,2,10,294,123.5,620
mdgo_v05_probe_000692,mdgo_v05_sof_user_0002,composition_triple,3,18,294,81.0,811
mdgo_v05_probe_000693,mdgo_v05_sof_user_0002,priority_pair,2,13,297,86,664
mdgo_v05_probe_000694,mdgo_v05_sof_user_0002,priority_triple,3,12,134,68.0,816
mdgo_v05_probe_000695,mdgo_v05_sof_user_0002,drift_recent_override,1,4,108,61.5,479
mdgo_v05_probe_000696,mdgo_v05_sof_user_0002,drift_composition,2,12,297,82.0,628
mdgo_v05_probe_000697,mdgo_v05_sof_user_0002,drift_exception,1,5,108,44,461
mdgo_v05_probe_000698,mdgo_v05_sof_user_0002,false_personalization,1,0,,,433
mdgo_v05_probe_000699,mdgo_v05_sof_user_0002,insufficient_evidence,1,1,272,272,536
mdgo_v05_probe_000700,mdgo_v05_sof_user_0002,temporal_scope,2,8,108,61.0,676
mdgo_v05_probe_000701,mdgo_v05_sof_user_0002,explicit_retrieval,2,10,297,155.0,632
mdgo_v05_probe_000702,mdgo_v05_sof_user_0003,long_gap_direct,1,5,292,152,418
mdgo_v05_probe_000703,mdgo_v05_sof_user_0003,implicit_direct,1,4,109,62.5,433
mdgo_v05_probe_000704,mdgo_v05_sof_user_0003,boundary_near_miss,1,1,196,196,403
mdgo_v05_probe_000705,mdgo_v05_sof_user_0003,boundary_plus_active,2,11,296,109,605
mdgo_v05_probe_000706,mdgo_v05_sof_user_0003,exception_nested,1,1,120,120,449
mdgo_v05_probe_000707,mdgo_v05_sof_user_0003,exception_plus_active,2,12,296,136.5,638
mdgo_v05_probe_000708,mdgo_v05_sof_user_0003,composition_pair,2,13,296,106,631
mdgo_v05_probe_000709,mdgo_v05_sof_user_0003,composition_pair_2,2,8,295,165.5,610
mdgo_v05_probe_000710,mdgo_v05_sof_user_0003,composition_triple,3,12,296,95.5,769
mdgo_v05_probe_000711,mdgo_v05_sof_user_0003,priority_pair,2,13,292,81,611
mdgo_v05_probe_000712,mdgo_v05_sof_user_0003,priority_triple,3,18,296,90.5,814
mdgo_v05_probe_000713,mdgo_v05_sof_user_0003,drift_recent_override,1,4,108,61.5,424
mdgo_v05_probe_000714,mdgo_v05_sof_user_0003,drift_composition,2,13,296,106,572
mdgo_v05_probe_000715,mdgo_v05_sof_user_0003,drift_exception,1,5,108,44,434
mdgo_v05_probe_000716,mdgo_v05_sof_user_0003,false_personalization,1,0,,,462
mdgo_v05_probe_000717,mdgo_v05_sof_user_0003,insufficient_evidence,1,1,272,272,534
mdgo_v05_probe_000718,mdgo_v05_sof_user_0003,temporal_scope,2,9,296,85,628
mdgo_v05_probe_000719,mdgo_v05_sof_user_0003,explicit_retrieval,2,9,292,81,615
mdgo_v05_probe_000720,mdgo_v05_sof_user_0004,long_gap_direct,1,5,295,155,372
mdgo_v05_probe_000721,mdgo_v05_sof_user_0004,implicit_direct,1,5,293,153,421
mdgo_v05_probe_000722,mdgo_v05_sof_user_0004,boundary_near_miss,1,1,193,193,434
mdgo_v05_probe_000723,mdgo_v05_sof_user_0004,boundary_plus_active,2,11,295,106,647
mdgo_v05_probe_000724,mdgo_v05_sof_user_0004,exception_nested,1,1,31,31,384
mdgo_v05_probe_000725,mdgo_v05_sof_user_0004,exception_plus_active,2,11,292,81,639
mdgo_v05_probe_000726,mdgo_v05_sof_user_0004,composition_pair,2,14,295,95.0,618
mdgo_v05_probe_000727,mdgo_v05_sof_user_0004,composition_pair_2,2,10,295,126.0,580
mdgo_v05_probe_000728,mdgo_v05_sof_user_0004,composition_triple,3,17,293,111,800
mdgo_v05_probe_000729,mdgo_v05_sof_user_0004,priority_pair,2,7,134,58,634
mdgo_v05_probe_000730,mdgo_v05_sof_user_0004,priority_triple,3,12,293,89.0,814
mdgo_v05_probe_000731,mdgo_v05_sof_user_0004,drift_recent_override,1,3,111,47,422
mdgo_v05_probe_000732,mdgo_v05_sof_user_0004,drift_composition,2,13,292,81,588
mdgo_v05_probe_000733,mdgo_v05_sof_user_0004,drift_exception,1,4,111,39.0,421
mdgo_v05_probe_000734,mdgo_v05_sof_user_0004,false_personalization,1,0,,,474
mdgo_v05_probe_000735,mdgo_v05_sof_user_0004,insufficient_evidence,1,1,272,272,539
mdgo_v05_probe_000736,mdgo_v05_sof_user_0004,temporal_scope,2,8,292,96.0,646
mdgo_v05_probe_000737,mdgo_v05_sof_user_0004,explicit_retrieval,2,9,295,84,605
mdgo_v05_probe_000738,mdgo_v05_sof_user_0005,long_gap_direct,1,5,295,155,447
mdgo_v05_probe_000739,mdgo_v05_sof_user_0005,implicit_direct,1,5,297,157,468
mdgo_v05_probe_000740,mdgo_v05_sof_user_0005,boundary_near_miss,1,1,196,196,406
mdgo_v05_probe_000741,mdgo_v05_sof_user_0005,boundary_plus_active,2,12,297,175.5,588
mdgo_v05_probe_000742,mdgo_v05_sof_user_0005,exception_nested,1,1,27,27,394
mdgo_v05_probe_000743,mdgo_v05_sof_user_0005,exception_plus_active,2,10,294,97.0,599
mdgo_v05_probe_000744,mdgo_v05_sof_user_0005,composition_pair,2,14,297,147.0,619
mdgo_v05_probe_000745,mdgo_v05_sof_user_0005,composition_pair_2,2,15,295,153,572
mdgo_v05_probe_000746,mdgo_v05_sof_user_0005,composition_triple,3,18,297,126.0,808
mdgo_v05_probe_000747,mdgo_v05_sof_user_0005,priority_pair,2,14,295,115.0,634
mdgo_v05_probe_000748,mdgo_v05_sof_user_0005,priority_triple,3,18,297,91.0,809
mdgo_v05_probe_000749,mdgo_v05_sof_user_0005,drift_recent_override,1,4,107,60.5,413
mdgo_v05_probe_000750,mdgo_v05_sof_user_0005,drift_composition,2,11,295,106,596
mdgo_v05_probe_000751,mdgo_v05_sof_user_0005,drift_exception,1,5,107,43,381
mdgo_v05_probe_000752,mdgo_v05_sof_user_0005,false_personalization,1,0,,,461
mdgo_v05_probe_000753,mdgo_v05_sof_user_0005,insufficient_evidence,1,1,270,270,544
mdgo_v05_probe_000754,mdgo_v05_sof_user_0005,temporal_scope,2,10,295,154.0,577
mdgo_v05_probe_000755,mdgo_v05_sof_user_0005,explicit_retrieval,2,10,294,153.5,598
mdgo_v05_probe_000756,mdgo_v05_sof_user_0006,long_gap_direct,1,5,292,152,434
mdgo_v05_probe_000757,mdgo_v05_sof_user_0006,implicit_direct,1,4,109,62.5,427
mdgo_v05_probe_000758,mdgo_v05_sof_user_0006,boundary_near_miss,1,1,195,195,445
mdgo_v05_probe_000759,mdgo_v05_sof_user_0006,boundary_plus_active,2,12,297,175.0,596
mdgo_v05_probe_000760,mdgo_v05_sof_user_0006,exception_nested,1,1,32,32,400
mdgo_v05_probe_000761,mdgo_v05_sof_user_0006,exception_plus_active,2,11,296,85,640
mdgo_v05_probe_000762,mdgo_v05_sof_user_0006,composition_pair,2,12,297,146.5,627
mdgo_v05_probe_000763,mdgo_v05_sof_user_0006,composition_pair_2,2,12,296,109.0,646
mdgo_v05_probe_000764,mdgo_v05_sof_user_0006,composition_triple,3,18,297,146.5,824
mdgo_v05_probe_000765,mdgo_v05_sof_user_0006,priority_pair,2,12,294,89.5,645
mdgo_v05_probe_000766,mdgo_v05_sof_user_0006,priority_triple,3,15,297,86,796
mdgo_v05_probe_000767,mdgo_v05_sof_user_0006,drift_recent_override,1,3,112,48,401
mdgo_v05_probe_000768,mdgo_v05_sof_user_0006,drift_composition,2,11,294,83,648
mdgo_v05_probe_000769,mdgo_v05_sof_user_0006,drift_exception,1,4,112,40.0,407
mdgo_v05_probe_000770,mdgo_v05_sof_user_0006,false_personalization,1,0,,,472
mdgo_v05_probe_000771,mdgo_v05_sof_user_0006,insufficient_evidence,1,1,266,266,564
mdgo_v05_probe_000772,mdgo_v05_sof_user_0006,temporal_scope,2,9,297,86,639
mdgo_v05_probe_000773,mdgo_v05_sof_user_0006,explicit_retrieval,2,10,297,154.5,613
mdgo_v05_probe_000774,mdgo_v05_sof_user_0007,long_gap_direct,1,4,107,60.5,439
mdgo_v05_probe_000775,mdgo_v05_sof_user_0007,implicit_direct,1,5,294,154,416
mdgo_v05_probe_000776,mdgo_v05_sof_user_0007,boundary_near_miss,1,1,195,195,420
mdgo_v05_probe_000777,mdgo_v05_sof_user_0007,boundary_plus_active,2,12,296,175.5,631
mdgo_v05_probe_000778,mdgo_v05_sof_user_0007,exception_nested,1,1,31,31,452
mdgo_v05_probe_000779,mdgo_v05_sof_user_0007,exception_plus_active,2,10,295,97.5,656
mdgo_v05_probe_000780,mdgo_v05_sof_user_0007,composition_pair,2,15,296,154,634
mdgo_v05_probe_000781,mdgo_v05_sof_user_0007,composition_pair_2,2,12,295,106.5,660
mdgo_v05_probe_000782,mdgo_v05_sof_user_0007,composition_triple,3,17,296,85,853
mdgo_v05_probe_000783,mdgo_v05_sof_user_0007,priority_pair,2,12,294,89.5,676
mdgo_v05_probe_000784,mdgo_v05_sof_user_0007,priority_triple,3,18,295,90.0,803
mdgo_v05_probe_000785,mdgo_v05_sof_user_0007,drift_recent_override,1,3,111,47,479
mdgo_v05_probe_000786,mdgo_v05_sof_user_0007,drift_composition,2,12,294,94.5,566
mdgo_v05_probe_000787,mdgo_v05_sof_user_0007,drift_exception,1,4,111,39.0,475
mdgo_v05_probe_000788,mdgo_v05_sof_user_0007,false_personalization,1,0,,,462
mdgo_v05_probe_000789,mdgo_v05_sof_user_0007,insufficient_evidence,1,1,270,270,526
mdgo_v05_probe_000790,mdgo_v05_sof_user_0007,temporal_scope,2,10,296,155.0,614
mdgo_v05_probe_000791,mdgo_v05_sof_user_0007,explicit_retrieval,2,7,111,47,660
mdgo_v05_probe_000792,mdgo_v05_sof_user_0008,long_gap_direct,1,5,295,155,472
mdgo_v05_probe_000793,mdgo_v05_sof_user_0008,implicit_direct,1,4,291,189.0,448
mdgo_v05_probe_000794,mdgo_v05_sof_user_0008,boundary_near_miss,1,1,196,196,451
mdgo_v05_probe_000795,mdgo_v05_sof_user_0008,boundary_plus_active,2,4,291,189.0,622
mdgo_v05_probe_000796,mdgo_v05_sof_user_0008,exception_nested,1,0,,,424
mdgo_v05_probe_000797,mdgo_v05_sof_user_0008,exception_plus_active,2,5,109,45,606
mdgo_v05_probe_000798,mdgo_v05_sof_user_0008,composition_pair,2,6,291,146.0,606
mdgo_v05_probe_000799,mdgo_v05_sof_user_0008,composition_pair_2,2,12,292,94.5,627
mdgo_v05_probe_000800,mdgo_v05_sof_user_0008,composition_triple,3,17,292,81,789
mdgo_v05_probe_000801,mdgo_v05_sof_user_0008,priority_pair,2,13,295,84,601
mdgo_v05_probe_000802,mdgo_v05_sof_user_0008,priority_triple,3,18,295,90.0,773
mdgo_v05_probe_000803,mdgo_v05_sof_user_0008,drift_recent_override,1,4,109,62.5,441
mdgo_v05_probe_000804,mdgo_v05_sof_user_0008,drift_composition,2,11,295,84,596
mdgo_v05_probe_000805,mdgo_v05_sof_user_0008,drift_exception,1,5,109,45,387
mdgo_v05_probe_000806,mdgo_v05_sof_user_0008,false_personalization,1,0,,,475
mdgo_v05_probe_000807,mdgo_v05_sof_user_0008,insufficient_evidence,1,1,268,268,558
mdgo_v05_probe_000808,mdgo_v05_sof_user_0008,temporal_scope,2,8,291,93.5,616
mdgo_v05_probe_000809,mdgo_v05_sof_user_0008,explicit_retrieval,2,9,295,155,618
